shirtNumber,jerseyNumber,position,substitute,player.name,player.slug,player.shortName,player.position,player.userCount,player.id,player.country.alpha2,player.country.name,player.marketValueCurrency,player.dateOfBirthTimestamp,statistics.totalPass,statistics.accuratePass,statistics.totalLongBalls,statistics.accurateLongBalls,statistics.totalClearance,statistics.goodHighClaim,statistics.savedShotsFromInsideTheBox,statistics.saves,statistics.punches,statistics.minutesPlayed,statistics.touches,statistics.rating,statistics.possessionLostCtrl,statistics.ratingVersions.original,statistics.ratingVersions.alternative,captain,player.firstName,player.lastName,statistics.aerialLost,statistics.aerialWon,statistics.duelLost,statistics.duelWon,statistics.dispossessed,statistics.shotOffTarget,statistics.interceptionWon,statistics.totalTackle,statistics.wasFouled,statistics.challengeLost,statistics.penaltyConceded,statistics.fouls,statistics.totalCross,statistics.totalContest,statistics.wonContest,statistics.outfielderBlock,statistics.accurateCross,statistics.totalOffside,statistics.keyPass,team,player_type,statistics.bigChanceMissed,statistics.onTargetScoringAttempt,statistics.blockedScoringAttempt,statistics.penaltyWon,statistics.bigChanceCreated,statistics.goals
1,1,G,False,Olivia Davies McDaniel,davies-mcdaniel-olivia,O. D. McDaniel,G,26,1174045,PH,Philippines,EUR,876787200.0,31.0,16.0,25.0,10.0,1.0,2.0,6.0,6.0,1.0,90.0,43.0,7.9,15.0,7.9,7.3,,,,,,,,,,,,,,,,,,,,,,,home,main,,,,,,
5,5,D,False,Hali Long,long-hali,H. Long,D,10,1174048,PH,Philippines,EUR,790646400.0,33.0,28.0,2.0,,6.0,,,,,90.0,50.0,6.6,7.0,6.6,6.5,True,,,3.0,1.0,4.0,4.0,1.0,1.0,1.0,1.0,2.0,,,,,,,,,,,home,main,,,,,,
3,3,D,False,Jessika Cowart,jessika-cowart,J. Cowart,D,4,1390655,PH,Philippines,EUR,,29.0,22.0,2.0,,3.0,,,,,90.0,33.0,5.9,7.0,5.9,5.8,,,,1.0,1.0,3.0,1.0,,1.0,,,,1.0,1.0,1.0,,,,,,,,home,main,,,,,,
13,13,D,False,Angela Beard,angela-beard,A. Beard,D,15,1010475,PH,Philippines,EUR,871689600.0,40.0,27.0,8.0,2.0,4.0,,,,,90.0,57.0,6.5,18.0,6.5,6.5,,,,3.0,1.0,4.0,4.0,,,2.0,1.0,1.0,1.0,,,3.0,1.0,1.0,,,,,home,main,,,,,,
17,17,M,False,Alicia Barker,alicia-barker,A. Barker,D,6,1470426,PH,Philippines,EUR,895795200.0,14.0,6.0,5.0,1.0,2.0,,,,,90.0,32.0,7.1,9.0,7.1,7.2,,,,,1.0,,5.0,,,3.0,3.0,1.0,,,,,,,2.0,,,,home,main,,,,,,
20,20,M,False,Quinley Quezada,quinley-quezada,Q. Quezada,M,10,1174052,PH,Philippines,EUR,860371200.0,6.0,2.0,1.0,,2.0,,,,,70.0,18.0,6.3,11.0,6.3,6.2,,,,,,3.0,2.0,1.0,,1.0,,,1.0,,,,3.0,2.0,,,,,home,main,,,,,,
4,4,M,False,Jaclyn Sawicki,jaclyn-sawicki,J. Sawicki,M,13,1426943,PH,Philippines,EUR,721699200.0,31.0,26.0,,,3.0,,,,,90.0,44.0,6.7,7.0,6.7,6.6,,,,,,4.0,5.0,,,1.0,3.0,1.0,3.0,,1.0,,1.0,1.0,,,,,home,main,,,,,,
8,8,M,False,Sara Kristine Eggesvik,eggesvik-sara-kristine,S. K. Eggesvik,M,16,912760,PH,Philippines,EUR,862272000.0,17.0,10.0,1.0,,2.0,,,,,70.0,28.0,6.5,10.0,6.5,6.5,,,,,1.0,2.0,4.0,,,,2.0,1.0,,,1.0,,1.0,,,,,,home,main,,,,,,
16,16,M,False,Sofia Harrison,harrison-sofia,S. Harrison,D,5,1174047,PH,Philippines,EUR,919123200.0,23.0,13.0,,,2.0,,,,,90.0,55.0,6.5,22.0,6.5,6.4,,,,,3.0,6.0,7.0,1.0,1.0,2.0,2.0,,4.0,,1.0,1.0,2.0,2.0,,,,,home,main,,,,,,
21,21,F,False,Katrina Guillou,katrina-guillou,K. Guillou,M,16,1126721,PH,Philippines,EUR,755740800.0,13.0,8.0,2.0,2.0,,,,,,90.0,31.0,6.6,13.0,6.6,6.5,,,,3.0,1.0,10.0,6.0,3.0,,,3.0,2.0,1.0,,1.0,1.0,2.0,,,1.0,1.0,1.0,home,main,,,,,,
7,7,F,False,Sarina Bolden,bolden-sarina,S. Bolden,F,37,1174658,PH,Philippines,EUR,836092800.0,17.0,9.0,1.0,,,,,,,81.0,30.0,6.7,15.0,6.7,6.6,,,,2.0,3.0,4.0,6.0,2.0,,,1.0,1.0,,,,,1.0,1.0,,,,,home,main,,,,,,
9,9,F,True,Isabella Flanigan,flanigan-isabella,I. Flanigan,D,11,1174058,,,EUR,,2.0,,,,,,,,,20.0,4.0,6.6,2.0,6.6,6.6,,,,,,,1.0,,,,,1.0,,,,1.0,,,,1.0,,,home,substitute,,,,,,
14,14,M,True,Meryll Serrano,meryll-serrano,M. Serrano,F,5,1046641,PH,Philippines,EUR,869356800.0,7.0,5.0,,,,,,,,20.0,11.0,6.6,2.0,6.6,6.6,,,,2.0,,2.0,,,,,,,,,,,,,1.0,,,,home,substitute,,,,,,
10,10,F,True,Chandler McDaniel,mcdaniel-chandler,C. McDaniel,F,10,1174050,PH,Philippines,EUR,886550400.0,1.0,,,,,,,,,9.0,3.0,6.5,2.0,6.5,6.5,,,,,1.0,2.0,2.0,1.0,,,1.0,,,,1.0,,,,,,,,home,substitute,,,,,,
22,22,G,True,Kiara Fontanilla,fontanilla-kiara,K. Fontanilla,G,5,1174059,PH,Philippines,EUR,962409600.0,,,,,,,,,,,,,,,,,,,,,,,,,,,,,,,,,,,,,,home,substitute,,,,,,
18,18,G,True,Kaiya Rose Jota,kaiya-rose-jota,K. R. Jota,G,6,1415963,PH,Philippines,EUR,1139184000.0,,,,,,,,,,,,,,,,,,,,,,,,,,,,,,,,,,,,,,home,substitute,,,,,,
19,19,D,True,Dominique Randle,dominique-randle,D. Randle,D,6,1174046,PH,Philippines,EUR,787017600.0,,,,,,,,,,,,,,,,,,,,,,,,,,,,,,,,,,,,,,home,substitute,,,,,,
2,2,M,True,Malea Cesar,cesar-malea,M. Cesar,D,10,1174057,PH,Philippines,EUR,1070928000.0,,,,,,,,,,,,,,,,,,,,,,,,,,,,,,,,,,,,,,home,substitute,,,,,,
23,23,D,True,Reina Bonta,reina-bonta,R. Bonta,D,15,1403426,PH,Philippines,EUR,924307200.0,,,,,,,,,,,,,,,,,,,,,,,,,,,,,,,,,,,,,,home,substitute,,,,,,
6,6,M,True,Tahnai Annis,annis-tahnai,T. Annis,M,6,1174043,,,EUR,,,,,,,,,,,,,,,,,,,,,,,,,,,,,,,,,,,,,,,home,substitute,,,,,,
15,15,F,True,Carleigh Frilles,frilles-carleigh,C. Frilles,M,12,1174060,PH,Philippines,EUR,1018483200.0,,,,,,,,,,,,,,,,,,,,,,,,,,,,,,,,,,,,,,home,substitute,,,,,,
11,11,M,True,Anicka Castaneda,castaneda-anicka,A. Castaneda,M,5,1174055,,,EUR,,,,,,,,,,,,,,,,,,,,,,,,,,,,,,,,,,,,,,,home,substitute,,,,,,
12,12,D,True,Ryley Bugay,bugay-ryley,R. Bugay,M,6,1174044,PH,Philippines,EUR,822355200.0,,,,,,,,,,,,,,,,,,,,,,,,,,,,,,,,,,,,,,home,substitute,,,,,,
1,1,G,False,Gaelle Thalmann,gaelle-thalmann,G. Thalmann,G,41,792003,CH,Switzerland,EUR,506390400.0,32.0,29.0,5.0,2.0,,1.0,,,,90.0,37.0,6.8,3.0,6.8,6.9,,,,,,,,,,,,,,,,,,,,,,,away,main,,,,,,
19,19,D,False,Eseosa Aigbogun,eseosa-aigbogun,E. Aigbogun,D,40,796838,CH,Switzerland,EUR,738115200.0,76.0,69.0,3.0,1.0,1.0,,,,,90.0,99.0,6.9,15.0,6.9,6.8,,,,1.0,1.0,5.0,3.0,,,,1.0,,1.0,,1.0,5.0,3.0,1.0,,,,,away,main,,,,,,
15,15,D,False,Luana Bühler,luana-buhler,L. Bühler,D,63,937364,CH,Switzerland,EUR,830649600.0,100.0,92.0,16.0,12.0,2.0,,,,,90.0,108.0,7.8,9.0,7.8,7.8,,,,3.0,1.0,3.0,4.0,,,1.0,3.0,,,,,,,,,,,1.0,away,main,,,,,,
2,2,D,False,Julia Stierli,stierli-julia,J. Stierli,D,24,286389,CH,Switzerland,EUR,860025600.0,117.0,105.0,14.0,6.0,,,,,,90.0,120.0,7.1,13.0,7.1,7.1,,,,,1.0,,2.0,,,,,1.0,,,,1.0,,,,1.0,,1.0,away,main,,,,,,
5,5,D,False,Noelle Maritz,noelle-maritz,N. Maritz,D,128,138090,CH,Switzerland,EUR,819676800.0,107.0,97.0,4.0,,,,,,,90.0,131.0,7.5,15.0,7.5,7.3,,,,,,2.0,2.0,,1.0,,2.0,,,,2.0,4.0,,,,1.0,,2.0,away,main,,,,,,
11,11,M,False,Coumba Sow,sow-coumba,C. Sow,M,64,956481,CH,Switzerland,EUR,777945600.0,53.0,40.0,3.0,2.0,2.0,,,,,90.0,79.0,7.1,21.0,7.1,6.8,,,,1.0,1.0,7.0,6.0,2.0,,2.0,2.0,1.0,,,2.0,,4.0,2.0,,,2.0,,away,main,1.0,1.0,1.0,1.0,,
13,13,M,False,Lia Wälti,lia-walti,L. Wälti,M,259,68299,CH,Switzerland,EUR,735177600.0,44.0,36.0,,,,,,,,75.0,56.0,6.4,13.0,6.4,6.2,True,,,1.0,3.0,7.0,4.0,4.0,,2.0,,1.0,2.0,,,,,,,,,,away,main,,,,,,
6,6,M,False,Géraldine Reuteler,geraldine-reuteler,G. Reuteler,M,59,886995,CH,Switzerland,EUR,924652800.0,63.0,52.0,2.0,,,,,,,89.0,81.0,8.1,14.0,8.1,7.9,,,,,,,8.0,,1.0,,1.0,2.0,,,,4.0,5.0,5.0,,1.0,,1.0,away,main,,1.0,,,1.0,
17,17,M,False,Seraina Piubel,seraina-piubel,S. Piubel,M,99,998141,CH,Switzerland,EUR,959904000.0,47.0,39.0,,,,,,,,89.0,74.0,8.2,20.0,8.2,7.8,,,,2.0,1.0,7.0,6.0,,1.0,2.0,2.0,1.0,2.0,,,2.0,5.0,2.0,,1.0,,1.0,away,main,,2.0,,,1.0,1.0
10,10,M,False,Ramona Bachmann,ramona-bachmann,R. Bachmann,F,401,68308,CH,Switzerland,EUR,662083200.0,52.0,47.0,3.0,2.0,,,,,,70.0,65.0,7.4,10.0,7.4,7.2,,,,,,3.0,2.0,,1.0,,1.0,,1.0,,1.0,3.0,2.0,1.0,,2.0,,2.0,away,main,,1.0,1.0,,,1.0
9,9,F,False,Ana-Maria Crnogorčević,ana-maria-crnogorcevic,A. Crnogorčević,F,553,68296,CH,Switzerland,EUR,654912000.0,33.0,29.0,,,3.0,,,,,90.0,53.0,6.8,10.0,6.8,6.5,,,,1.0,6.0,5.0,7.0,,2.0,,1.0,,1.0,,2.0,2.0,1.0,,,,,1.0,away,main,2.0,2.0,,,,
23,23,F,True,Alisha Lehmann,alisha-lehmann,A. Lehmann,F,4808,937402,CH,Switzerland,EUR,916876800.0,10.0,6.0,,,,,,,,20.0,12.0,6.6,5.0,6.6,6.6,,,,1.0,,3.0,,1.0,,,,,,,1.0,,,,,,,1.0,away,substitute,,,1.0,,,
16,16,M,True,Sandrine Mauron,sandrine-mauron,S. Mauron,M,27,286383,CH,Switzerland,EUR,850953600.0,5.0,2.0,,,,,,,,15.0,7.0,6.6,3.0,6.6,6.6,,,,2.0,,3.0,,,,,,,,,1.0,1.0,,,,1.0,,1.0,away,substitute,,,,,,
8,8,M,True,Nadine Riesen,riesen-nadine,N. Riesen,D,25,1389930,CH,Switzerland,EUR,955411200.0,3.0,3.0,,,,,,,,1.0,3.0,,,,,,,,,,,,,,,,,,,,,,,,,,1.0,away,substitute,,,,,,
22,22,F,True,Meriame Terchoun,meriame-terchoun,M. Terchoun,F,45,187753,CH,Switzerland,EUR,814752000.0,1.0,1.0,,,,,,,,1.0,3.0,,1.0,,,,,,1.0,,2.0,,,,,,,,,,,1.0,,,,,,away,substitute,,1.0,,,,
12,12,G,True,Livia Peng,livia-peng,L. Peng,G,38,998140,CH,Switzerland,EUR,1016064000.0,,,,,,,,,,,,,,,,,,,,,,,,,,,,,,,,,,,,,,away,substitute,,,,,,
21,21,G,True,Seraina Friedli,friedli-seraina,S. Friedli,G,15,253659,CH,Switzerland,EUR,732585600.0,,,,,,,,,,,,,,,,,,,,,,,,,,,,,,,,,,,,,,away,substitute,,,,,,
4,4,D,True,Laura Felber,felber-laura,L. Felber,D,12,1093452,CH,Switzerland,EUR,998006400.0,,,,,,,,,,,,,,,,,,,,,,,,,,,,,,,,,,,,,,away,substitute,,,,,,
18,18,D,True,Viola Calligaris,viola-calligaris,V. Calligaris,D,67,838487,CH,Switzerland,EUR,827020800.0,,,,,,,,,,,,,,,,,,,,,,,,,,,,,,,,,,,,,,away,substitute,,,,,,
14,14,M,True,Marion Rey,rey-marion,M. Rey,D,13,1397071,CH,Switzerland,EUR,921974400.0,,,,,,,,,,,,,,,,,,,,,,,,,,,,,,,,,,,,,,away,substitute,,,,,,
3,3,D,True,Lara Marti,lara-marti,L. Marti,D,28,1023150,CH,Switzerland,EUR,937872000.0,,,,,,,,,,,,,,,,,,,,,,,,,,,,,,,,,,,,,,away,substitute,,,,,,
20,20,F,True,Fabienne Humm,fabienne-humm,F. Humm,F,33,93546,CH,Switzerland,EUR,535420800.0,,,,,,,,,,,,,,,,,,,,,,,,,,,,,,,,,,,,,,away,substitute,,,,,,
7,7,F,True,Amira Arfaoui,arfaoui-amira,A. Arfaoui,F,24,1093443,CH,Switzerland,EUR,934070400.0,,,,,,,,,,,,,,,,,,,,,,,,,,,,,,,,,,,,,,away,substitute,,,,,,
