shirtNumber,jerseyNumber,position,substitute,player.name,player.slug,player.shortName,player.position,player.userCount,player.id,player.country.alpha2,player.country.name,player.marketValueCurrency,player.dateOfBirthTimestamp,statistics.totalPass,statistics.accuratePass,statistics.totalLongBalls,statistics.accurateLongBalls,statistics.goodHighClaim,statistics.savedShotsFromInsideTheBox,statistics.saves,statistics.totalKeeperSweeper,statistics.accurateKeeperSweeper,statistics.minutesPlayed,statistics.touches,statistics.rating,statistics.possessionLostCtrl,statistics.ratingVersions.original,statistics.ratingVersions.alternative,statistics.totalCross,statistics.aerialWon,statistics.duelLost,statistics.duelWon,statistics.challengeLost,statistics.dispossessed,statistics.totalContest,statistics.blockedScoringAttempt,statistics.totalClearance,statistics.totalTackle,player.firstName,player.lastName,statistics.outfielderBlock,statistics.interceptionWon,statistics.aerialLost,statistics.shotOffTarget,statistics.fouls,statistics.keyPass,statistics.accurateCross,statistics.wonContest,statistics.wasFouled,captain,statistics.goalAssist,statistics.onTargetScoringAttempt,statistics.goals,statistics.totalOffside,team,player_type,statistics.bigChanceCreated,statistics.punches,statistics.hitWoodwork,statistics.bigChanceMissed
1,1,G,False,Joe Willis,joe-willis,J. Willis,G,89,150047,US,USA,EUR,587174400,26.0,21.0,10.0,5.0,1.0,1.0,3.0,1.0,1.0,90.0,34.0,6.8,5.0,6.8,6.7,,,,,,,,,,,,,,,,,,,,,,,,,,,home,main,,,,
18,18,D,False,Shaq Moore,shaq-moore,S. Moore,D,157,813511,US,USA,EUR,846892800,39.0,36.0,2.0,1.0,,,,,,90.0,58.0,6.5,11.0,6.5,6.3,3.0,3.0,5.0,5.0,2.0,2.0,1.0,2.0,3.0,2.0,,,,,,,,,,,,,,,,,home,main,,,,
22,22,D,False,Josh Bauer,josh-bauer,J. Bauer,D,10,1049597,US,USA,EUR,901065600,39.0,36.0,3.0,1.0,,,,,,55.0,48.0,7.3,4.0,7.3,7.3,,,1.0,2.0,,1.0,,,2.0,2.0,Josh Bauer,,3.0,1.0,,,,,,,,,,,,,home,main,,,,
3,3,D,False,Lukas MacNaughton,lukas-macnaughton,L. MacNaughton,D,37,984486,CA,Canada,EUR,794620800,60.0,57.0,3.0,2.0,,,,,,90.0,71.0,7.0,6.0,7.0,7.0,,2.0,3.0,2.0,,,,,5.0,,,,,,2.0,1.0,1.0,2.0,,,,,,,,,home,main,,,,
2,2,D,False,Daniel Lovitz,daniel-lovitz,D. Lovitz,D,55,558698,US,USA,EUR,683251200,57.0,46.0,7.0,2.0,,,,,,90.0,76.0,6.9,15.0,6.9,6.7,4.0,1.0,4.0,5.0,3.0,,2.0,,,1.0,,,,2.0,1.0,,,1.0,1.0,2.0,1.0,,,,,,home,main,,,,
6,6,M,False,Dax McCarty,dax-mccarty,D. McCarty,M,39,38531,US,USA,EUR,546739200,55.0,53.0,2.0,1.0,,,,,,90.0,61.0,7.4,3.0,7.4,7.5,,,1.0,2.0,,,1.0,,,1.0,,,1.0,1.0,,,2.0,3.0,,1.0,,True,1.0,,,,home,main,,,,
54,54,M,False,Sean Davis,sean-davis,S. Davis,M,51,790148,US,USA,EUR,729129600,27.0,27.0,2.0,2.0,,,,,,55.0,35.0,7.1,1.0,7.1,7.0,,,,,,,,1.0,,,,,,1.0,,1.0,,2.0,,,,,,,,,home,main,,,,
8,8,M,False,Randall Leal,randall-leal,R. Leal,M,230,791003,CR,Costa Rica,EUR,853200000,25.0,14.0,,,,,,,,69.0,37.0,6.7,17.0,6.7,6.6,4.0,,3.0,2.0,2.0,,,2.0,,1.0,,,,,1.0,2.0,,1.0,,,1.0,,,,,,home,main,,,,
19,19,M,False,Alex Muyl,alex-muyl,A. Muyl,M,31,829568,US,USA,EUR,812419200,20.0,20.0,1.0,1.0,,,,,,55.0,30.0,6.6,3.0,6.6,6.5,,,6.0,2.0,2.0,,2.0,,,2.0,,,,,2.0,,,1.0,,,,,,,,,home,main,,,,
14,14,M,False,Jacob Shaffelburg,shaffelburg-jacob,J. Shaffelburg,M,123,976313,CA,Canada,EUR,943574400,19.0,14.0,,,,,,,,77.0,34.0,7.7,13.0,7.7,7.6,7.0,,1.0,1.0,,,1.0,,,1.0,,,,,,1.0,,1.0,1.0,,,,,2.0,1.0,1.0,home,main,,,,
12,12,F,False,Teal Bunbury,teal-bunbury,T. Bunbury,F,76,111293,US,USA,EUR,636076800,21.0,15.0,1.0,1.0,,,,,,90.0,31.0,7.2,7.0,7.2,7.1,,1.0,3.0,4.0,1.0,,1.0,,1.0,1.0,,,,,1.0,2.0,1.0,1.0,,1.0,1.0,,,1.0,,1.0,home,main,,,,
25,25,D,True,Walker Zimmerman,zimmerman-walker,W. Zimmerman,D,404,1125090,US,USA,EUR,737769600,16.0,13.0,1.0,,,,,,,35.0,19.0,6.7,3.0,6.7,6.7,,1.0,,1.0,,,,,1.0,,,,2.0,,,,,,,,,,,,,,home,substitute,,,,
20,20,M,True,Aníbal Godoy,anibal-godoy,A. Godoy,M,140,156102,PA,Panama,EUR,634608000,29.0,28.0,1.0,1.0,,,,,,35.0,33.0,6.6,3.0,6.6,6.5,,,3.0,,,2.0,,,,,,,,2.0,1.0,,,,,,,,,,,,home,substitute,,,,
10,10,M,True,Hany Mukhtar,hany-mukhtar,H. Mukhtar,F,1084,221350,DE,Germany,EUR,795744000,18.0,13.0,2.0,,,,,,,35.0,26.0,8.0,6.0,8.0,7.9,,,,3.0,,,1.0,,,,,,,,,2.0,,1.0,,1.0,2.0,,,2.0,1.0,,home,substitute,,,,
7,7,M,True,Fafà Picault,fafa-picault,F. Picault,M,383,787689,HT,Haiti,EUR,667267200,10.0,7.0,1.0,,,,,,,21.0,14.0,6.3,5.0,6.3,6.0,,1.0,6.0,1.0,2.0,1.0,,,,,,,,,1.0,,2.0,,,,,,,1.0,,,home,substitute,,,,
23,23,D,True,Taylor Washington,taylor-washington,T. Washington,D,12,829661,US,USA,EUR,745459200,2.0,2.0,,,,,,,,13.0,5.0,6.2,,6.2,6.2,,,1.0,,,,,,1.0,,,,,,,,1.0,,,,,,,,,,home,substitute,,,,
30,30,G,True,Elliot Panicco,elliot-panicco,E. Panicco,G,7,1015187,US,USA,EUR,848275200,,,,,,,,,,,,,,,,,,,,,,,,,,,,,,,,,,,,,,,,,,home,substitute,,,,
67,67,G,True,Benjamin Martino,benjamin-martino,B. Martino,G,3,1035506,US,USA,EUR,1031875200,,,,,,,,,,,,,,,,,,,,,,,,,,Benjamin Martino,,,,,,,,,,,,,,,,home,substitute,,,,
16,16,M,True,Laurence Wyke,laurence-wyke,L. Wyke,D,12,1022104,EN,England,EUR,843177600,,,,,,,,,,,,,,,,,,,,,,,,,,,,,,,,,,,,,,,,,,home,substitute,,,,
24,24,M,True,Ján Greguš,jan-gregus,J. Greguš,M,141,72903,SK,Slovakia,EUR,665107200,,,,,,,,,,,,,,,,,,,,,,,,,,,,,,,,,,,,,,,,,,home,substitute,,,,
26,26,M,True,Luke Haakenson,luke-haakenson,L. Haakenson,M,13,1015185,US,USA,EUR,873849600,,,,,,,,,,,,,,,,,,,,,,,,,,,,,,,,,,,,,,,,,,home,substitute,,,,
27,27,M,True,Tah Anunga,tah-anunga,T. Anunga,M,27,881501,CM,Cameroon,EUR,839635200,,,,,,,,,,,,,,,,,,,,,,,,,,,,,,,,,,,,,,,,,,home,substitute,,,,
11,11,F,True,Ethan Zubak,ethan-zubak,E. Zubak,F,25,937124,US,USA,EUR,892598400,,,,,,,,,,,,,,,,,,,,,,,,,,,,,,,,,,,,,,,,,,home,substitute,,,,
22,22,G,False,William Yarbrough,william-yarbrough,W. Yarbrough,G,83,246097,US,USA,EUR,606355200,24.0,20.0,10.0,6.0,,2.0,4.0,1.0,1.0,90.0,39.0,7.4,4.0,7.4,7.3,,,,,,,,,3.0,,,,,,,,,1.0,,,,True,,,,,away,main,1.0,2.0,,
2,2,D,False,Keegan Rosenberry,keegan-rosenberry,K. Rosenberry,D,61,829556,US,USA,EUR,755568000,41.0,34.0,8.0,4.0,,,,,,90.0,66.0,6.5,12.0,6.5,6.3,4.0,,3.0,,1.0,1.0,,,2.0,,,,,,1.0,,,,1.0,,,,,1.0,,,away,main,,,,
5,5,D,False,Andreas Maxsø,andreas-maxso,A. Maxsø,D,122,287941,DK,Denmark,EUR,763948800,42.0,39.0,7.0,5.0,,,,,,90.0,51.0,6.6,4.0,6.6,6.6,,1.0,1.0,2.0,,,,,5.0,1.0,,,,,1.0,,,,,,,,,,,,away,main,,,,
4,4,D,False,Danny Wilson,danny-wilson,D. Wilson,D,53,49245,SX,Scotland,EUR,693792000,49.0,42.0,9.0,4.0,,,,,,90.0,64.0,6.6,9.0,6.6,6.5,,3.0,5.0,4.0,1.0,1.0,,,4.0,1.0,,,1.0,2.0,2.0,,1.0,,,,,,,,,,away,main,,,,
13,13,D,False,Andrew Gutman,andrew-gutman,A. Gutman,D,49,983770,US,USA,EUR,844214400,43.0,36.0,3.0,2.0,,,,,,90.0,67.0,7.5,12.0,7.5,7.3,1.0,1.0,4.0,8.0,,,7.0,3.0,,2.0,,,1.0,1.0,1.0,1.0,,2.0,,4.0,1.0,,1.0,1.0,,,away,main,,,,
20,20,M,False,Connor Ronan,connor-ronan,C. Ronan,M,159,989122,IE,Ireland,EUR,889142400,67.0,60.0,6.0,4.0,,,,,,90.0,73.0,7.1,8.0,7.1,6.9,,1.0,,2.0,,,1.0,1.0,,,,,2.0,,,,,,,1.0,,,,,,,away,main,,,,
97,97,M,False,Ralph Priso,ralph-priso,R. Priso,M,67,1002266,CA,Canada,EUR,1028246400,37.0,31.0,1.0,,,,,,,59.0,42.0,6.6,6.0,6.6,6.5,,,,,,,,,2.0,,,,,,,,,,,,,,,,,,away,main,,,,
29,29,M,False,Braian Galván,braian-galvan,B. Galván,M,76,896247,AR,Argentina,EUR,970790400,29.0,24.0,1.0,1.0,,,,,,71.0,53.0,6.9,15.0,6.9,6.8,5.0,,4.0,3.0,1.0,1.0,4.0,,2.0,,,,,2.0,,2.0,1.0,1.0,1.0,3.0,,,,,,,away,main,,,,
23,23,M,False,Cole Bassett,cole-bassett,C. Bassett,M,269,945420,US,USA,EUR,996278400,47.0,41.0,2.0,1.0,,,,,,86.0,61.0,7.0,10.0,7.0,6.7,2.0,1.0,6.0,3.0,2.0,2.0,,1.0,1.0,2.0,,,,,1.0,1.0,1.0,3.0,,,,,,,,,away,main,,,1.0,
77,77,M,False,Darren Yapi,darren-yapi,D. Yapi,F,104,1047550,US,USA,EUR,1100822400,15.0,12.0,,,,,,,,71.0,26.0,6.8,8.0,6.8,6.6,,1.0,3.0,3.0,,1.0,2.0,1.0,,1.0,Darren Yapi,,,,1.0,2.0,,,,1.0,,,,,,,away,main,,,1.0,
14,14,F,False,Calvin Harris,calvin-harris,C. Harris,F,46,1108955,EN,England,EUR,953510400,13.0,11.0,1.0,1.0,,,,,,59.0,22.0,7.3,5.0,7.3,7.1,,1.0,2.0,4.0,,,1.0,,,1.0,Calvin Harris,,1.0,1.0,1.0,1.0,2.0,3.0,,1.0,1.0,,,,,,away,main,,,,
64,64,D,True,Moise Bombito,bombito-moise,M. Bombito,D,41,1469180,CA,Canada,EUR,954374400,14.0,12.0,2.0,1.0,,,,,,31.0,19.0,6.6,2.0,6.6,6.6,,,,3.0,,,,,,1.0,Moise Bombito,,,,,,,,,,2.0,,,,,,away,substitute,,,,
21,21,M,True,Bryan Acosta,bryan-acosta,B. Acosta,M,224,797162,HN,Honduras,EUR,754099200,9.0,8.0,3.0,2.0,,,,,,31.0,11.0,6.7,1.0,6.7,6.7,,,1.0,2.0,,,,,,1.0,,,,,,,1.0,1.0,,,1.0,,,,,,away,substitute,,,,
12,12,F,True,Michael Barrios,michael-barrios,M. Barrios,F,141,791545,CO,Colombia,EUR,672192000,3.0,2.0,,,,,,,,19.0,9.0,6.5,3.0,6.5,6.5,2.0,,1.0,1.0,,,1.0,1.0,,,,,,,1.0,,,,,1.0,,,,1.0,,,away,substitute,,,,1.0
91,91,F,True,Kevin Cabral,kevin-cabral,K. Cabral,F,201,958128,FR,France,EUR,931564800,7.0,6.0,1.0,1.0,,,,,,19.0,11.0,7.9,1.0,7.9,7.7,,,,2.0,,,1.0,,,,,,,,,,,3.0,,1.0,1.0,,,1.0,1.0,,away,substitute,,,,
28,28,M,True,Sam Nicholson,sam-nicholson,S. Nicholson,M,15,269183,SX,Scotland,EUR,790560000,3.0,3.0,,,,,,,,9.0,3.0,6.6,,6.6,6.6,,,,,,,,,,,,,,,,,,,,,,,,,,,away,substitute,,,,
26,26,G,True,Abraham Rodriguez,abraham-rodriguez,A. Rodriguez,G,36,983760,US,USA,EUR,1027036800,,,,,,,,,,,,,,,,,,,,,,,,,,,,,,,,,,,,,,,,,,away,substitute,,,,
1,1,G,True,Marko Ilić,marko-ilic,M. Ilić,G,189,843151,RS,Serbia,EUR,886464000,,,,,,,,,,,,,,,,,,,,,,,,,,,,,,,,,,,,,,,,,,away,substitute,,,,
27,27,D,True,Sebastian Anderson,sebastian-anderson,S. Anderson,D,57,980952,US,USA,EUR,1028764800,,,,,,,,,,,,,,,,,,,,,,,,,,,,,,,,,,,,,,,,,,away,substitute,,,,
33,33,D,True,Steven Beitashour,steven-beitashour,S. Beitashour,D,123,114920,IR,Iran,EUR,539136000,,,,,,,,,,,,,,,,,,,,,,,,,,,,,,,,,,,,,,,,,,away,substitute,,,,
15,15,M,True,Danny Leyva,danny-leyva,D. Leyva,M,149,981054,US,USA,EUR,1052092800,,,,,,,,,,,,,,,,,,,,,,,,,,,,,,,,,,,,,,,,,,away,substitute,,,,
