shirtNumber,jerseyNumber,position,substitute,captain,player.name,player.slug,player.shortName,player.position,player.userCount,player.id,player.country.alpha2,player.country.name,player.marketValueCurrency,player.dateOfBirthTimestamp,statistics.totalPass,statistics.accuratePass,statistics.totalLongBalls,statistics.accurateLongBalls,statistics.duelWon,statistics.totalContest,statistics.wonContest,statistics.savedShotsFromInsideTheBox,statistics.saves,statistics.minutesPlayed,statistics.touches,statistics.rating,statistics.possessionLostCtrl,statistics.expectedGoals,statistics.ratingVersions.original,statistics.ratingVersions.alternative,statistics.goalsPrevented,player.firstName,player.lastName,statistics.totalCross,statistics.accurateCross,statistics.duelLost,statistics.challengeLost,statistics.shotOffTarget,statistics.totalClearance,statistics.interceptionWon,statistics.totalTackle,statistics.wasFouled,statistics.fouls,statistics.expectedAssists,statistics.aerialLost,statistics.aerialWon,statistics.outfielderBlock,statistics.keyPass,statistics.clearanceOffLine,statistics.goalAssist,statistics.dispossessed,statistics.bigChanceCreated,statistics.totalOffside,statistics.onTargetScoringAttempt,statistics.goals,statistics.blockedScoringAttempt,team,player_type,statistics.goodHighClaim,statistics.bigChanceMissed
34,34,G,False,True,João Paulo,joao-paulo,J. Paulo,G,830,795177,BR,Brazil,EUR,804384000,25.0,15.0,14.0,4.0,1.0,1.0,1.0,1.0,2.0,62.0,32.0,7.0,10.0,0.0,7.0,7.0,0.1412,,,,,,,,,,,,,,,,,,,,,,,,,,home,main,,
13,13,D,False,,João Lucas,joao-lucas,João Lucas,D,265,981019,BR,Brazil,EUR,904780800,24.0,14.0,5.0,1.0,6.0,1.0,1.0,,,86.0,49.0,6.8,17.0,0.0193,6.8,7.1,,,,3.0,1.0,4.0,2.0,1.0,3.0,2.0,2.0,3.0,2.0,0.0394028,,,,,,,,,,,,,home,main,,
28,28,D,False,,Joaquim,joaquim,Joaquim,D,223,1047740,BR,Brazil,EUR,914803200,33.0,22.0,9.0,2.0,4.0,,,,,90.0,49.0,6.6,12.0,0.0,6.6,6.6,,,,,,3.0,,,8.0,3.0,1.0,1.0,1.0,,2.0,2.0,,,,,,,,,,,home,main,,
24,24,D,False,,Messias,messias,Messias,D,233,839765,BR,Brazil,EUR,783820800,32.0,24.0,3.0,,6.0,,,,,90.0,42.0,6.8,8.0,0.0,6.8,6.8,,,,,,4.0,,,5.0,,1.0,1.0,3.0,,1.0,4.0,3.0,,,,,,,,,,home,main,,
16,16,D,False,,Dodô,dodo,Dodô,D,337,108481,BR,Brazil,EUR,697334400,23.0,21.0,2.0,1.0,3.0,1.0,1.0,,,72.0,38.0,6.9,4.0,0.0,6.9,7.1,,,,,,2.0,1.0,,1.0,3.0,1.0,1.0,,,1.0,,,,,,,,,,,,home,main,,
19,19,M,False,,Dodi,dodi,Dodi,M,217,870804,BR,Brazil,EUR,829699200,16.0,13.0,,,6.0,1.0,1.0,,,90.0,29.0,7.2,4.0,0.0539,7.2,7.3,,,,1.0,,2.0,,1.0,,4.0,3.0,1.0,2.0,0.0143149,,1.0,,1.0,,,,,,,,,home,main,,
14,14,M,False,,Rodrigo Fernández,rodrigo-fernandez,R. Fernández,M,304,877599,UY,Uruguay,EUR,820627200,32.0,22.0,8.0,2.0,3.0,1.0,,,,90.0,44.0,6.8,11.0,0.0,6.8,7.0,,,,,,10.0,4.0,,,3.0,3.0,,4.0,0.00822085,1.0,,2.0,,1.0,,,,,,,,home,main,,
8,8,M,False,,Jean Lucas,jean-lucas,J. Lucas,M,817,927975,BR,Brazil,EUR,898473600,21.0,16.0,4.0,2.0,5.0,1.0,1.0,,,72.0,36.0,7.2,12.0,0.0,7.2,7.2,,,,,,6.0,,,,2.0,1.0,3.0,2.0,0.113975,1.0,,,1.0,,1.0,3.0,1.0,,,,,home,main,,
23,23,F,False,,Lucas Lima,lucas-lima,L. Lima,M,899,244589,BR,Brazil,EUR,647481600,21.0,16.0,8.0,5.0,4.0,,,,,90.0,36.0,7.2,10.0,0.0,7.2,7.2,,,,3.0,,11.0,5.0,,1.0,,1.0,2.0,3.0,0.38171,3.0,1.0,,3.0,,1.0,,1.0,1.0,,,,home,main,,
9,9,F,False,,Marcos Leonardo,marcos-leonardo,M. Leonardo,F,3854,1047227,BR,Brazil,EUR,1051833600,12.0,8.0,1.0,1.0,5.0,3.0,2.0,,,86.0,27.0,8.5,8.0,0.7753,8.5,8.6,,,,,,10.0,,,2.0,,,2.0,2.0,0.0134097,7.0,1.0,1.0,1.0,,,,,,2.0,2.0,,home,main,,
20,20,F,False,,Stiven Mendoza,stiven-mendoza,S. Mendoza,M,898,354510,CO,Colombia,EUR,709603200,28.0,19.0,3.0,1.0,7.0,2.0,2.0,,,90.0,48.0,6.9,13.0,0.0598,6.9,7.1,,,,1.0,1.0,4.0,2.0,1.0,,1.0,1.0,4.0,2.0,0.026481,,,,1.0,,,,,,,,2.0,home,main,,
1,1,G,True,,Vladimir,vladimir,Vladimir,G,101,124996,BR,Brazil,EUR,616550400,7.0,2.0,5.0,,,,,1.0,2.0,28.0,11.0,6.1,5.0,0.0,6.1,6.3,-0.6329,,,,,,,,,,,,,,,,,,,,,,,,,,home,substitute,,
12,12,D,True,,Gabriel Inocêncio,gabriel-inocencio,Gabriel Inocêncio,D,65,1047680,BR,Brazil,EUR,777340800,5.0,4.0,,,3.0,2.0,1.0,,,18.0,15.0,6.3,5.0,0.0,6.3,6.2,,Gabriel Inocêncio,,1.0,,1.0,,,1.0,,2.0,,,,,,,,,,,,,,,,home,substitute,,
97,97,F,True,,Luan Dias,luan-dias,Luan Dias,F,88,1016887,BR,Brazil,EUR,870307200,7.0,7.0,,,5.0,1.0,,,,18.0,16.0,6.6,2.0,0.0,6.6,6.7,,,,,,3.0,1.0,,,,3.0,2.0,1.0,,1.0,,,,,,,,,,,,home,substitute,,
31,31,D,True,,Alex Nascimento,alex-nascimento,A. Nascimento,D,126,931556,BR,Brazil,EUR,926294400,3.0,2.0,,,2.0,1.0,1.0,,,15.0,6.0,6.1,2.0,0.0,6.1,6.2,,,,,,4.0,,,,,,,1.0,,2.0,1.0,,,,,1.0,,,,,,home,substitute,,
36,36,F,True,,Deivid Washington,deivid-washington,D. Washington,F,594,1485371,BR,Brazil,EUR,1117929600,5.0,3.0,,,,,,,,15.0,9.0,6.5,2.0,0.0,6.5,6.4,,Deivid Washington,,,,2.0,,,1.0,,,,,,2.0,,,,,,,,,,,,home,substitute,,
2,2,D,True,,Luiz Felipe,luiz-felipe,Luiz Felipe,D,128,831993,BR,Brazil,EUR,747532800,,,,,,,,,,,,,,0.0,,,,,,,,,,,,,,,,,,,,,,,,,,,,,home,substitute,,
38,38,D,True,,Kevyson,kevyson,Kevyson,D,55,1389980,BR,Brazil,EUR,1080518400,,,,,,,,,,,,,,0.0,,,,Kevyson,,,,,,,,,,,,,,,,,,,,,,,,,home,substitute,,
6,6,M,True,,Sandry,sandry,Sandry,M,421,973847,BR,Brazil,EUR,1030665600,,,,,,,,,,,,,,0.0,,,,,,,,,,,,,,,,,,,,,,,,,,,,,home,substitute,,
29,29,M,True,,Guilherme Camacho,guilherme-camacho,G. Camacho,M,228,76444,BR,Brazil,EUR,636336000,,,,,,,,,,,,,,0.0,,,,,,,,,,,,,,,,,,,,,,,,,,,,,home,substitute,,
30,30,F,True,,Lucas Braga,lucas-braga,L. Braga,M,352,934801,BR,Brazil,EUR,847584000,,,,,,,,,,,,,,0.0,,,,,,,,,,,,,,,,,,,,,,,,,,,,,home,substitute,,
47,47,M,True,,Miguel Terceros,miguel-terceros,Miguel Terceros,M,270,1159656,BO,Bolivia,EUR,1082851200,,,,,,,,,,,,,,0.0,,,,Miguel Terceros,,,,,,,,,,,,,,,,,,,,,,,,,home,substitute,,
43,43,F,True,,Weslley Patati,weslley-patati,W. Patati,F,178,1148468,BR,Brazil,EUR,1044921600,,,,,,,,,,,,,,0.0,,,,,,,,,,,,,,,,,,,,,,,,,,,,,home,substitute,,
12,12,G,False,,Lucas Perri,lucas-perri,L. Perri,G,612,871290,BR,Brazil,EUR,881712000,17.0,17.0,1.0,1.0,,,,,,90.0,25.0,6.0,1.0,0.0,6.0,6.5,-0.4711,,,,,,,,,,,,,,,,,,,,,,,,,,away,main,2.0,
24,24,D,False,,Leonel Di Plácido,leonel-di-placido,Leonel Di Plácido,D,164,546338,AR,Argentina,EUR,759715200,24.0,20.0,3.0,2.0,1.0,,,,,83.0,46.0,6.2,11.0,0.0,6.2,6.3,,,,6.0,1.0,5.0,2.0,,1.0,1.0,1.0,,3.0,0.0368258,,,,,,,,,,,,,away,main,,
34,34,D,False,,Adryelson,adryelson,Adryelson,D,426,795261,BR,Brazil,EUR,890611200,68.0,57.0,4.0,,6.0,,,,,90.0,75.0,6.7,12.0,0.0182,6.7,6.9,,,,,,6.0,2.0,,2.0,1.0,,1.0,1.0,,3.0,5.0,,,,,,,,1.0,1.0,,away,main,,
94,94,D,False,,Philipe Sampaio,philipe-sampaio,P. Sampaio,D,153,588996,BR,Brazil,EUR,784512000,70.0,61.0,5.0,3.0,9.0,,,,,90.0,83.0,6.8,10.0,0.1093,6.8,6.8,,,,,,1.0,,1.0,5.0,1.0,2.0,2.0,1.0,0.00553867,,5.0,,,,,,,,,,,away,main,,1.0
21,21,D,False,True,Marçal,marcal,Marçal,D,516,143593,BR,Brazil,EUR,603849600,57.0,43.0,9.0,5.0,8.0,1.0,1.0,,,90.0,89.0,7.5,22.0,0.0,7.5,7.5,,,,13.0,5.0,6.0,1.0,,1.0,,1.0,3.0,3.0,0.147119,2.0,4.0,1.0,4.0,,1.0,,,,,,,away,main,,
5,5,M,False,,Danilo Barbosa,danilo-barbosa,Danilo Barbosa,M,296,330063,BR,Brazil,EUR,825465600,39.0,28.0,3.0,1.0,5.0,2.0,2.0,,,66.0,49.0,6.8,12.0,0.0,6.8,6.9,,,,,,3.0,1.0,,1.0,1.0,1.0,2.0,1.0,0.0385871,,,,1.0,,,1.0,,,,,,away,main,,
17,17,M,False,,Marlon Freitas,marlon-freitas,Marlon Freitas,M,298,840202,BR,Brazil,EUR,796262400,91.0,76.0,8.0,5.0,4.0,1.0,1.0,,,90.0,99.0,7.0,17.0,0.0474,7.0,7.2,,,,,,6.0,2.0,,1.0,2.0,,1.0,2.0,0.143624,2.0,2.0,,3.0,,,,,,,,1.0,away,main,,
37,37,M,False,,Júnior Santos,junior-santos,Júnior Santos,M,355,922559,BR,Brazil,EUR,781833600,16.0,12.0,,,2.0,4.0,1.0,,,45.0,29.0,6.4,11.0,0.0355,6.4,6.5,,,,,,4.0,,1.0,,,,,1.0,0.0119585,,1.0,,,,,,,,,,1.0,away,main,,
6,6,M,False,,Tchê Tchê,tche-tche,Tchê Tchê,M,605,840398,BR,Brazil,EUR,715132800,26.0,21.0,3.0,1.0,3.0,1.0,1.0,,,83.0,33.0,6.3,7.0,0.0429,6.3,6.5,,,,,,2.0,1.0,,,,,2.0,,0.0206708,,,,,,,1.0,,,,,1.0,away,main,,
11,11,M,False,,Luís Henrique,luis-henrique,Luís Henrique,F,1154,977679,BR,Brazil,EUR,1008288000,16.0,12.0,,,2.0,2.0,2.0,,,42.0,23.0,6.7,6.0,0.0134,6.7,6.7,,,,1.0,1.0,1.0,,1.0,,,,,1.0,0.010498,,,,,,,,,,,,,away,main,,
9,9,F,False,,Tiquinho Soares,tiquinho-soares,T. Soares,F,2850,789100,BR,Brazil,EUR,664070400,19.0,13.0,2.0,,14.0,4.0,4.0,,,90.0,46.0,7.8,14.0,0.5492,7.8,8.0,,,,,,8.0,,2.0,1.0,,,6.0,2.0,0.0744858,2.0,4.0,,,,,4.0,,,2.0,1.0,2.0,away,main,,
7,7,F,True,,Victor Sá,victor-sa,Victor Sá,M,398,799634,BR,Brazil,EUR,764726400,17.0,15.0,,,5.0,5.0,2.0,,,48.0,35.0,7.3,8.0,0.1458,7.3,7.3,,,,2.0,1.0,6.0,,1.0,,,1.0,2.0,1.0,0.35593,,,,2.0,,,2.0,,,3.0,,,away,substitute,,
19,19,M,True,,Matías Segovia,matias-segovia,Matías Segovia,F,703,988622,PY,Paraguay,EUR,1041638400,19.0,14.0,,,4.0,2.0,1.0,,,45.0,24.0,6.5,6.0,0.0,6.5,6.6,,,,,,4.0,1.0,,,,2.0,1.0,2.0,0.00809773,,,,,,,,,,,,,away,substitute,,
39,39,F,True,,Janderson,janderson,Janderson,F,94,1462989,BR,Brazil,EUR,925948800,7.0,5.0,,,1.0,1.0,,,,24.0,15.0,7.0,7.0,0.0,7.0,7.1,,Janderson,,4.0,1.0,4.0,1.0,,,,,1.0,1.0,0.277321,1.0,,,2.0,,1.0,,1.0,,,,,away,substitute,,
18,18,M,True,,Lucas Fernandes,lucas-fernandes,Lucas Fernandes,M,327,837871,BR,Brazil,EUR,874713600,13.0,13.0,1.0,1.0,1.0,1.0,,,,18.0,16.0,7.0,1.0,0.0,7.0,6.9,,,,1.0,1.0,1.0,,,,,,1.0,,0.0890474,,,,2.0,,,,1.0,,,,,away,substitute,,
27,27,F,True,,Carlos Alberto,carlos-alberto,Carlos Alberto,F,114,1008700,BR,Brazil,EUR,1018742400,3.0,2.0,,,1.0,,,,,18.0,12.0,6.7,3.0,0.0173,6.7,6.8,,,,,,3.0,,,1.0,,,1.0,1.0,,,,1.0,,,,2.0,,,1.0,,,away,substitute,,
1,1,G,True,,Gatito Fernández,gatito-fernandez,G. Fernández,G,422,840027,PY,Paraguay,EUR,575596800,,,,,,,,,,,,,,0.0,,,,,,,,,,,,,,,,,,,,,,,,,,,,,away,substitute,,
16,16,D,True,,Hugo,hugo,Hugo,D,131,1018915,BR,Brazil,EUR,1000944000,,,,,,,,,,,,,,0.0,,,,,,,,,,,,,,,,,,,,,,,,,,,,,away,substitute,,
4,4,D,True,,Luis Segovia,luis-segovia,Luis Segovia,D,171,827141,EC,Ecuador,EUR,877824000,,,,,,,,,,,,,,0.0,,,,,,,,,,,,,,,,,,,,,,,,,,,,,away,substitute,,
77,77,M,True,,Diego Hernández,diego-hernandez,Diego Hernández,M,252,1086482,UY,Uruguay,EUR,961632000,,,,,,,,,,,,,,0.0,,,,,,,,,,,,,,,,,,,,,,,,,,,,,away,substitute,,
57,57,M,True,,JP Galvão,jp-galvao,JP Galvão,M,30,1105815,BR,Brazil,EUR,989193600,,,,,,,,,,,,,,0.0,,,,JP Galvão,,,,,,,,,,,,,,,,,,,,,,,,,away,substitute,,
10,10,F,True,,Gustavo Sauer,gustavo-sauer,Gustavo Sauer,M,207,904505,BR,Brazil,EUR,736128000,,,,,,,,,,,,,,0.0,,,,,,,,,,,,,,,,,,,,,,,,,,,,,away,substitute,,
90,90,F,True,,Matheus Nascimento,matheus-nascimento,Matheus Nascimento,F,1251,1047683,BR,Brazil,EUR,1078272000,,,,,,,,,,,,,,0.0,,,,Matheus Nascimento,,,,,,,,,,,,,,,,,,,,,,,,,away,substitute,,
