shirtNumber,jerseyNumber,position,substitute,player.name,player.slug,player.shortName,player.position,player.userCount,player.id,player.country.alpha2,player.country.name,player.marketValueCurrency,player.dateOfBirthTimestamp,statistics.totalPass,statistics.accuratePass,statistics.totalLongBalls,statistics.accurateLongBalls,statistics.duelLost,statistics.fouls,statistics.savedShotsFromInsideTheBox,statistics.saves,statistics.minutesPlayed,statistics.touches,statistics.rating,statistics.possessionLostCtrl,statistics.ratingVersions.original,statistics.ratingVersions.alternative,player.firstName,player.lastName,statistics.totalCross,statistics.duelWon,statistics.onTargetScoringAttempt,statistics.outfielderBlock,statistics.totalTackle,statistics.wasFouled,statistics.aerialWon,statistics.dispossessed,statistics.totalContest,statistics.wonContest,statistics.totalClearance,statistics.aerialLost,statistics.challengeLost,statistics.interceptionWon,statistics.keyPass,statistics.goals,statistics.bigChanceMissed,statistics.shotOffTarget,statistics.blockedScoringAttempt,statistics.hitWoodwork,statistics.accurateCross,statistics.goalAssist,statistics.bigChanceCreated,statistics.totalOffside,statistics.penaltyWon,team,player_type,statistics.goodHighClaim,statistics.punches,statistics.clearanceOffLine,statistics.penaltyConceded
1,1,G,False,Nediljko Labrović,nediljko-labrovic,N. Labrović,G,405,947986,HR,Croatia,EUR,939513600.0,18.0,10.0,12.0,4.0,1.0,1.0,1.0,1.0,90.0,24.0,6.8,9.0,6.8,7.1,,,,,,,,,,,,,,,,,,,,,,,,,,,,home,main,,,,
77,77,D,False,Danilo Filipe Melo Veiga,danilo-filipe-melo-veiga,D. Veiga,D,95,1002045,PT,Portugal,EUR,1032912000.0,43.0,33.0,5.0,2.0,2.0,2.0,,,90.0,63.0,7.6,16.0,7.6,7.8,,,4.0,8.0,1.0,1.0,7.0,1.0,,,,,,,,,,,,,,,,,,,,home,main,,,,
6,6,D,False,Matej Mitrović,matej-mitrovic,M. Mitrović,D,304,202870,HR,Croatia,EUR,752889600.0,54.0,47.0,5.0,1.0,3.0,2.0,,,90.0,60.0,7.0,8.0,7.0,7.0,,,,3.0,,1.0,1.0,,1.0,1.0,1.0,1.0,1.0,,,,,,,,,,,,,,,home,main,,,,
66,66,D,False,Emir Dilaver,emir-dilaver,E. Dilaver,D,264,66171,AT,Austria,EUR,673574400.0,63.0,57.0,10.0,7.0,3.0,,,,90.0,69.0,7.1,10.0,7.1,7.0,,,,2.0,,,,,1.0,1.0,1.0,1.0,,1.0,1.0,1.0,1.0,,,,,,,,,,,home,main,,,,
3,3,D,False,Bruno Goda,bruno-goda,B. Goda,M,68,855908,HR,Croatia,EUR,892771200.0,45.0,33.0,5.0,2.0,7.0,2.0,,,90.0,85.0,8.2,24.0,8.2,8.0,,,6.0,7.0,1.0,,3.0,1.0,1.0,,4.0,2.0,3.0,1.0,2.0,4.0,,1.0,,,,,,,,,,home,main,,,,
22,22,M,False,Emmanuel Banda,emmanuel-banda,E. Banda,M,702,881133,ZM,Zambia,EUR,875491200.0,34.0,29.0,6.0,6.0,1.0,,,,90.0,42.0,7.3,6.0,7.3,7.1,,,1.0,2.0,,,,1.0,1.0,,,,,,1.0,1.0,2.0,,1.0,3.0,1.0,1.0,,,,,,home,main,,,,
25,25,M,False,Veldin Hodža,veldin-hodza,V. Hodža,M,168,965025,HR,Croatia,EUR,1034640000.0,32.0,28.0,3.0,3.0,8.0,5.0,,,73.0,45.0,6.8,10.0,6.8,6.8,,,2.0,4.0,,,3.0,1.0,,2.0,1.0,,,,,,1.0,,,,,,1.0,,,,,home,main,,,,
32,32,M,False,Alen Grgić,alen-grgic,A. Grgić,D,68,344177,HR,Croatia,EUR,776476800.0,24.0,18.0,2.0,1.0,3.0,,,,73.0,35.0,7.4,11.0,7.4,7.1,,,3.0,2.0,2.0,,1.0,1.0,,,1.0,,,2.0,,,2.0,,1.0,,1.0,,,1.0,1.0,1.0,,home,main,,,,
4,4,M,False,Niko Janković,niko-jankovic,N. Janković,M,295,965818,HR,Croatia,EUR,998697600.0,27.0,17.0,,,2.0,,,,84.0,42.0,9.7,15.0,9.7,9.5,,,5.0,4.0,2.0,,,3.0,1.0,,,,,,2.0,,4.0,2.0,,1.0,1.0,,1.0,1.0,3.0,,,home,main,,,,
99,99,M,False,Näis Djouahra,nais-djouahra,N. Djouahra,F,285,955133,FR,France,EUR,943315200.0,19.0,11.0,2.0,1.0,6.0,,,,57.0,39.0,7.1,16.0,7.1,6.8,,,4.0,8.0,,,3.0,2.0,1.0,1.0,5.0,2.0,,,2.0,1.0,1.0,,,1.0,,,,,,,,home,main,,,,
9,9,F,False,Jorge Obregón,jorge-obregon,J. Obregón,M,146,824165,CO,Colombia,EUR,859593600.0,13.0,10.0,2.0,2.0,4.0,,,,84.0,25.0,7.4,6.0,7.4,7.2,,,1.0,6.0,,,,3.0,1.0,1.0,2.0,2.0,,3.0,,,,,,,,,,,,,1.0,home,main,,,,
21,21,M,True,Toni Fruk,toni-fruk,T. Fruk,M,252,916183,HR,Croatia,EUR,984096000.0,9.0,8.0,1.0,1.0,1.0,,,,33.0,14.0,8.1,3.0,8.1,8.2,,,4.0,,1.0,,,,,,,,,,1.0,,3.0,1.0,,,,,2.0,1.0,,,,home,substitute,,,,
16,16,M,True,Dejan Petrović,dejan-petrovic,D. Petrović,M,92,796014,SI,Slovenia,EUR,884563200.0,4.0,4.0,1.0,1.0,1.0,,,,17.0,4.0,6.6,,6.6,6.5,,,,,,,,,,,,,,1.0,,,,,,,,,,,,,,home,substitute,,,,
87,87,M,True,Marco Pašalić,marco-pasalic,M. Pašalić,F,460,1066802,HR,Croatia,EUR,968889600.0,8.0,6.0,2.0,2.0,1.0,1.0,,,17.0,14.0,7.0,3.0,7.0,6.9,,,,1.0,,,,,,,1.0,1.0,,,,,,,,,1.0,,,,,,,home,substitute,,,,
8,8,M,True,Adrian Liber,adrian-liber,A. Liber,M,91,943211,HR,Croatia,EUR,978998400.0,3.0,2.0,1.0,1.0,,,,,11.0,4.0,6.6,1.0,6.6,6.6,,,,,,,,,,,,,,,,,,,,,,,,,,,,home,substitute,,,,
89,89,M,True,Franjo Ivanović,franjo-ivanovic,F. Ivanović,F,148,1103333,HR,Croatia,EUR,1064966400.0,,,,,,,,,10.0,2.0,6.9,,6.9,6.8,,,,1.0,,,,1.0,,,,,,,,,,,,1.0,,1.0,,,,,,home,substitute,,,,
13,13,G,True,Martin Zlomislić,martin-zlomislic,M. Zlomislić,G,84,885719,BA,Bosnia & Herzegovina,EUR,903225600.0,,,,,,,,,,,,,,,,,,,,,,,,,,,,,,,,,,,,,,,,,,home,substitute,,,,
26,26,D,True,Stjepan Radeljić,stjepan-radeljic,S. Radeljić,D,104,843746,BA,Bosnia & Herzegovina,EUR,873417600.0,,,,,,,,,,,,,,,,,,,,,,,,,,,,,,,,,,,,,,,,,,home,substitute,,,,
28,28,D,True,Ivan Smolčić,ivan-smolcic,I. Smolčić,D,103,974581,HR,Croatia,EUR,966470400.0,,,,,,,,,,,,,,,,,,,,,,,,,,,,,,,,,,,,,,,,,,home,substitute,,,,
32,32,D,True,Marijan Čabraja,marijan-cabraja,M. Čabraja,D,146,843249,HR,Croatia,EUR,856828800.0,,,,,,,,,,,,,,,,,,,,,,,,,,,,,,,,,,,,,,,,,,home,substitute,,,,
18,18,M,True,Lindon Selahi,lindon-selahi,L. Selahi,M,248,922945,AL,Albania,EUR,919987200.0,,,,,,,,,,,,,,,,,,,,,,,,,,,,,,,,,,,,,,,,,,home,substitute,,,,
27,27,M,True,Silvio Ilinković,silvio-ilinkovic,S. Ilinković,M,76,1005793,BA,Bosnia & Herzegovina,EUR,1033776000.0,,,,,,,,,,,,,,,,,,,,,,,,,,,,,,,,,,,,,,,,,,home,substitute,,,,
30,30,F,True,Bruno Bogojević,bruno-bogojevic,B. Bogojević,M,60,852471,HR,Croatia,EUR,899078400.0,,,,,,,,,,,,,,,,,,,,,,,,,,,,,,,,,,,,,,,,,,home,substitute,,,,
99,99,G,False,Mario Marić,mario-maric,M. Marić,G,23,925978,HR,Croatia,EUR,927590400.0,29.0,19.0,14.0,4.0,,,2.0,2.0,90.0,44.0,6.4,11.0,6.4,5.9,,,,,,,,,,,,,2.0,,,,,,,,,,,,,,,away,main,2.0,1.0,,
13,13,D,False,Vanja Šare,vanja-sare,V. Šare,D,39,1407948,HR,Croatia,EUR,1081382400.0,26.0,16.0,3.0,1.0,7.0,1.0,,,77.0,52.0,7.2,19.0,7.2,7.0,,,1.0,4.0,,1.0,2.0,,,,4.0,2.0,5.0,1.0,3.0,2.0,1.0,,,,,,1.0,,1.0,,,away,main,,,1.0,
26,26,D,False,Miguel Campos,miguel-campos,Miguel,D,13,587554,PT,Portugal,EUR,840412800.0,58.0,49.0,9.0,3.0,4.0,1.0,,,90.0,75.0,6.7,10.0,6.7,6.7,,,,5.0,1.0,1.0,2.0,2.0,1.0,1.0,,,7.0,2.0,,1.0,,,,,,,,,,,,away,main,,,,
16,16,D,False,Mislav Matić,mislav-matic,M. Matić,D,63,985411,HR,Croatia,EUR,947116800.0,52.0,43.0,13.0,7.0,3.0,2.0,,,90.0,59.0,5.8,10.0,5.8,5.8,,,,2.0,,1.0,1.0,,1.0,1.0,,,4.0,,,,,,,,,,,,,,,away,main,,,,1.0
5,5,D,False,Dominik Pavlek,dominik-pavlek,D. Pavlek,D,22,1047633,HR,Croatia,EUR,965174400.0,38.0,31.0,5.0,2.0,1.0,1.0,,,77.0,48.0,6.7,7.0,6.7,6.7,,,,4.0,,1.0,1.0,,3.0,,,,5.0,,,1.0,,,,1.0,1.0,,,,,,,away,main,,,,
24,24,D,False,Dominik Rešetar,dominik-resetar,D. Rešetar,F,41,904483,HR,Croatia,EUR,959385600.0,23.0,14.0,2.0,,2.0,,,,69.0,37.0,6.3,14.0,6.3,6.4,,,2.0,3.0,,1.0,1.0,1.0,1.0,2.0,,,1.0,,,1.0,,,,,,,,,,,,away,main,,,,
30,30,F,False,Brian Oddei,oddei-brian,B. Oddei,F,184,1001770,IT,Italy,EUR,1032307200.0,20.0,15.0,,,7.0,1.0,,,90.0,45.0,7.4,11.0,7.4,7.2,,,3.0,12.0,,,,4.0,1.0,2.0,9.0,7.0,,1.0,1.0,,1.0,,,2.0,,,2.0,,,1.0,,away,main,,,,
29,29,M,False,Vanja Vukmanović,vanja-vukmanovic,V. Vukmanović,M,27,1163336,HR,Croatia,EUR,1085011200.0,54.0,47.0,4.0,3.0,3.0,2.0,,,90.0,60.0,6.7,7.0,6.7,6.6,Vanja Vukmanovic,,,2.0,,,2.0,,,,,,1.0,1.0,,2.0,1.0,,,,,,,,,,,away,main,,,,
6,6,M,False,Tomislav Srbljinović,tomislav-srbljinovic,T. Srbljinović,M,13,901210,HR,Croatia,EUR,946252800.0,49.0,44.0,4.0,2.0,10.0,5.0,,,90.0,57.0,6.2,8.0,6.2,5.9,,,,4.0,,,3.0,1.0,,1.0,,,,,4.0,,,,,,,,,,,,,away,main,,,,
14,14,F,False,Andrej Lazarov,andrej-lazarov,A. Lazarov,M,4,902228,MK,North Macedonia,EUR,936748800.0,23.0,16.0,,,,,,,70.0,30.0,6.6,7.0,6.6,6.6,,,,2.0,,,,2.0,,,,,,,,,,,,,,,,,,,,away,main,,,,
9,9,F,False,Ivor Ljubanović,ivor-ljubanovic,I. Ljubanović,F,27,843675,HR,Croatia,EUR,914889600.0,23.0,18.0,2.0,1.0,3.0,1.0,,,90.0,33.0,6.2,7.0,6.2,6.1,,,,5.0,,,1.0,3.0,1.0,,,,,2.0,,,2.0,,2.0,2.0,,,,,,,,away,main,,,,
11,11,D,True,Ivan Tomečak,ivan-tomecak,I. Tomečak,D,71,50577,HR,Croatia,EUR,628992000.0,9.0,8.0,,,5.0,,,,21.0,20.0,5.6,8.0,5.6,5.4,,,3.0,,,,,,,,4.0,,,,1.0,,,,,,,,1.0,,,,,away,substitute,,,,
10,10,M,True,Aleksa Latković,aleksa-latkovic,A. Latković,F,36,895620,ME,Montenegro,EUR,972864000.0,8.0,7.0,,,3.0,,,,20.0,16.0,6.1,6.0,6.1,6.0,,,,,,,,,,,3.0,,,,,1.0,,,,,1.0,,,,,,,away,substitute,,,,
17,17,D,True,Bruno Brajković,bruno-brajkovic,B. Brajković,D,41,1063092,HR,Croatia,EUR,987379200.0,8.0,4.0,1.0,,,,,,13.0,10.0,6.2,4.0,6.2,6.1,Bruno Brajković,,,,,,,,,,,,,,,,1.0,,,,,,,,,,,away,substitute,,,,
23,23,M,True,Riad Masala,riad-masala,R. Masala,M,12,1163333,BA,Bosnia & Herzegovina,EUR,1073174400.0,11.0,9.0,,,,,,,13.0,12.0,6.4,3.0,6.4,6.4,Riad Masala,,1.0,,,,,,,,,,,,,,,,,,,,,,,,,away,substitute,,,,
1,1,G,True,Karlo Kralj,karlo-kralj,K. Kralj,G,14,1090957,HR,Croatia,EUR,1006473600.0,,,,,,,,,,,,,,,,,,,,,,,,,,,,,,,,,,,,,,,,,,away,substitute,,,,
33,33,G,True,Eugen Ciban,eugen-ciban,E. Ciban,G,20,1418197,HR,Croatia,EUR,,,,,,,,,,,,,,,,,,,,,,,,,,,,,,,,,,,,,,,,,,,away,substitute,,,,
18,18,D,True,Aboubacar Camara,aboubacar-camara,A. Camara,D,3,1513448,GF,French Guiana,EUR,978652800.0,,,,,,,,,,,,,,,Aboubacar Camara,,,,,,,,,,,,,,,,,,,,,,,,,,,away,substitute,,,,
21,21,M,True,Jakov Bašić,jakov-basic,J. Bašić,M,48,978294,HR,Croatia,EUR,848880000.0,,,,,,,,,,,,,,,,,,,,,,,,,,,,,,,,,,,,,,,,,,away,substitute,,,,
27,27,M,True,Luka Pasariček,luka-pasaricek,L. Pasariček,M,21,357590,HR,Croatia,EUR,889660800.0,,,,,,,,,,,,,,,,,,,,,,,,,,,,,,,,,,,,,,,,,,away,substitute,,,,
7,7,F,True,João Araújo,joao-araujo,J. Araújo,F,16,1091172,BR,Brazil,EUR,879811200.0,,,,,,,,,,,,,,,,,,,,,,,,,,,,,,,,,,,,,,,,,,away,substitute,,,,
8,8,F,True,Tomislav Gudelj,tomislav-gudelj,T. Gudelj,F,31,1003432,HR,Croatia,EUR,893980800.0,,,,,,,,,,,,,,,,,,,,,,,,,,,,,,,,,,,,,,,,,,away,substitute,,,,
35,35,F,True,Stjepan Plazonja,stjepan-plazonja,S. Plazonja,F,18,902347,HR,Croatia,EUR,883699200.0,,,,,,,,,,,,,,,,,,,,,,,,,,,,,,,,,,,,,,,,,,away,substitute,,,,
