shirtNumber,jerseyNumber,position,substitute,player.name,player.firstName,player.lastName,player.slug,player.shortName,player.position,player.userCount,player.id,player.country.alpha2,player.country.name,player.marketValueCurrency,player.dateOfBirthTimestamp,statistics.totalPass,statistics.accuratePass,statistics.totalLongBalls,statistics.accurateLongBalls,statistics.aerialWon,statistics.duelWon,statistics.totalClearance,statistics.wasFouled,statistics.goodHighClaim,statistics.punches,statistics.minutesPlayed,statistics.touches,statistics.rating,statistics.possessionLostCtrl,statistics.ratingVersions.original,statistics.ratingVersions.alternative,statistics.aerialLost,statistics.duelLost,statistics.dispossessed,statistics.totalContest,statistics.wonContest,statistics.onTargetScoringAttempt,statistics.goals,statistics.interceptionWon,statistics.totalTackle,statistics.keyPass,captain,statistics.challengeLost,statistics.fouls,statistics.totalCross,statistics.shotOffTarget,statistics.blockedScoringAttempt,statistics.accurateCross,statistics.goalAssist,statistics.bigChanceCreated,statistics.bigChanceMissed,statistics.totalOffside,team,player_type,statistics.savedShotsFromInsideTheBox,statistics.saves,statistics.outfielderBlock
23,23,G,False,Enrique Bologna,,,enrique-bologna,E. Bologna,G,75,107418,AR,Argentina,EUR,382406400.0,28.0,21.0,12.0,5.0,2.0,2.0,2.0,1.0,2.0,1.0,90.0,40.0,7.1,7.0,7.1,7.1,,,,,,,,,,,,,,,,,,,,,,home,main,,,
4,4,D,False,Nicolás Tripichio,,,nicolas-tripichio,N. Tripichio,D,86,358924,AR,Argentina,EUR,820800000.0,67.0,62.0,8.0,8.0,2.0,10.0,2.0,3.0,,,90.0,92.0,8.6,7.0,8.6,8.7,1.0,2.0,1.0,1.0,1.0,1.0,1.0,2.0,4.0,1.0,,,,,,,,,,,,home,main,,,
2,2,D,False,Julián Malatini,Julian Malatini,,julian-malatini,J. Malatini,D,29,1087043,AR,Argentina,EUR,991267200.0,68.0,57.0,12.0,6.0,5.0,5.0,4.0,,,,90.0,78.0,7.3,13.0,7.3,7.3,1.0,1.0,,,,,,4.0,,,,,,,,,,,,,,home,main,,,
25,25,D,False,Tomás Cardona,,,tomas-cardona,T. Cardona,D,61,849020,AR,Argentina,EUR,813283200.0,57.0,46.0,11.0,9.0,3.0,5.0,4.0,,,,90.0,70.0,7.6,11.0,7.6,7.8,,3.0,,1.0,1.0,1.0,,4.0,1.0,,True,1.0,2.0,,,,,,,,,home,main,,,
26,26,D,False,Darío Cáceres,,,dario-caceres,D. Cáceres,D,33,922462,PY,Paraguay,EUR,884908800.0,48.0,36.0,3.0,1.0,4.0,11.0,1.0,1.0,,,90.0,74.0,7.6,19.0,7.6,7.6,,1.0,,2.0,2.0,,,,4.0,,,,1.0,1.0,1.0,,,,,,,home,main,,,
8,8,M,False,Julián López,,,julian-lopez,J. López,M,76,922455,AR,Argentina,EUR,947289600.0,53.0,44.0,6.0,6.0,,3.0,1.0,1.0,,,90.0,66.0,7.2,13.0,7.2,7.4,,3.0,,2.0,2.0,,,1.0,,4.0,,2.0,1.0,1.0,1.0,1.0,,,,,,home,main,,,
5,5,M,False,Kevin Gutiérrez,,,kevin-gutierrez,K. Gutiérrez,M,94,914145,AR,Argentina,EUR,865296000.0,95.0,84.0,15.0,10.0,,3.0,2.0,,,,89.0,105.0,7.4,14.0,7.4,7.4,,1.0,,1.0,1.0,,,,2.0,2.0,,1.0,,1.0,,,,,,,,home,main,,,
19,19,M,False,David Barbona,,,david-barbona,D. Barbona,M,64,789910,AR,Argentina,EUR,793411200.0,56.0,50.0,6.0,4.0,,3.0,,2.0,,,66.0,69.0,8.2,8.0,8.2,8.6,,1.0,,1.0,,4.0,1.0,,1.0,2.0,,,,1.0,1.0,1.0,1.0,,,,,home,main,,,
27,27,F,False,Santiago Solari,,,solari-santiago,S. Solari,M,45,1104323,AR,Argentina,EUR,885168000.0,42.0,36.0,,,2.0,4.0,,,,,89.0,61.0,7.2,17.0,7.2,7.3,2.0,6.0,2.0,2.0,1.0,2.0,,,1.0,2.0,,1.0,,8.0,,,1.0,1.0,1.0,1.0,,home,main,,,
29,29,F,False,Nicolás Fernández,,,nicolas-fernandez,N. Fernández,F,356,581804,AR,Argentina,EUR,823737600.0,25.0,21.0,2.0,2.0,,3.0,1.0,1.0,,,90.0,37.0,6.8,10.0,6.8,7.0,1.0,7.0,3.0,2.0,1.0,,,,1.0,3.0,,1.0,1.0,,,1.0,,,,,1.0,home,main,,,
11,11,F,False,Gastón Togni,,,gaston-togni,G. Togni,M,133,868361,AR,Argentina,EUR,874713600.0,30.0,23.0,2.0,2.0,,2.0,,1.0,,,84.0,57.0,8.4,19.0,8.4,8.3,,,,1.0,1.0,3.0,,,,2.0,,,,15.0,1.0,1.0,6.0,1.0,1.0,,1.0,home,main,,,
15,15,M,True,Tomás Escalante,,,tomas-escalante,T. Escalante,M,19,1017377,AR,Argentina,EUR,930873600.0,14.0,14.0,,,,4.0,,1.0,,,24.0,22.0,6.8,2.0,6.8,6.9,,2.0,,1.0,1.0,,,,2.0,,,2.0,,,1.0,,,,,,,home,substitute,,,
36,36,F,True,Facundo Echevarría,Facundo Echevarría,,facundo-echevarria,F. Echevarría,M,10,1094181,AR,Argentina,EUR,1028073600.0,2.0,2.0,,,,,,,,,11.0,5.0,7.4,1.0,7.4,7.4,,,,,,1.0,1.0,,,,,,,1.0,,,,,,,,home,substitute,,,
21,21,D,True,Santiago Ramos Mingo,,,ramos-mingo-santiago,S. R. Mingo,D,595,989843,AR,Argentina,EUR,1006300800.0,,,,,1.0,1.0,1.0,,,,1.0,1.0,,,,,,,,,,,,,,,,,,,,,,,,,,home,substitute,,,
35,35,M,True,Benjamin Schamine,Benjamín Schamine,,schamine-benjamin,B. Schamine,M,2,1485083,AR,Argentina,EUR,1066953600.0,1.0,1.0,,,,,,,,,1.0,1.0,,,,,,,,,,,,,,1.0,,,,,,,,1.0,,,,home,substitute,,,
1,1,G,True,Lucas Escobar,Lucas Escobar,,lucas-escobar,L. Escobar,G,6,1201405,AR,Argentina,EUR,1021507200.0,,,,,,,,,,,,,,,,,,,,,,,,,,,,,,,,,,,,,,home,substitute,,,
13,13,D,True,Esteban Lucero,Esteban Lucero,,lucero-esteban,E. Lucero,D,2,1185048,AR,Argentina,EUR,1122595200.0,,,,,,,,,,,,,,,,,,,,,,,,,,,,,,,,,,,,,,home,substitute,,,
33,33,D,True,Alan Tobías Morinigo,Alan Morinigo,,alan-tobias-morinigo,A. T. Morinigo,D,1,1201090,AR,Argentina,EUR,1127347200.0,,,,,,,,,,,,,,,,,,,,,,,,,,,,,,,,,,,,,,home,substitute,,,
28,28,F,True,Lautaro Fedele,,,fedele-lautaro,L. Fedele,M,5,1120461,AR,Argentina,EUR,995068800.0,,,,,,,,,,,,,,,,,,,,,,,,,,,,,,,,,,,,,,home,substitute,,,
20,20,F,True,Federico Versaci,,,federico-versaci,F. Versaci,M,30,1017431,AR,Argentina,EUR,1013817600.0,,,,,,,,,,,,,,,,,,,,,,,,,,,,,,,,,,,,,,home,substitute,,,
39,39,M,True,Tomás Ortiz,,,tomas-ortiz,T. Ortiz,M,8,966177,AR,Argentina,EUR,952646400.0,,,,,,,,,,,,,,,,,,,,,,,,,,,,,,,,,,,,,,home,substitute,,,
31,31,D,True,Thiago Schiavulli,Thiago Schiavulli,,schiavulli-thiago,T. Schiavulli,F,8,1201093,AR,Argentina,EUR,1063929600.0,,,,,,,,,,,,,,,,,,,,,,,,,,,,,,,,,,,,,,home,substitute,,,
37,37,F,True,Ricardo Solbes,Ricardo Solbes,,ricardo-solbes,R. Solbes,F,15,1384961,AR,Argentina,EUR,1152316800.0,,,,,,,,,,,,,,,,,,,,,,,,,,,,,,,,,,,,,,home,substitute,,,
1,1,G,False,José Devecchi,,,jose-devecchi,J. Devecchi,G,77,578460,AR,Argentina,EUR,805248000.0,22.0,16.0,15.0,9.0,,,,,2.0,,90.0,43.0,7.7,7.0,7.7,8.3,,,,,,,,,,,,,,,,,,,,,,away,main,4.0,9.0,
25,25,D,False,Gonzalo Bettini,,,gonzalo-bettini,G. Bettini,D,18,581630,AR,Argentina,EUR,717465600.0,32.0,20.0,7.0,2.0,,1.0,4.0,,,,90.0,63.0,6.3,18.0,6.3,6.5,1.0,4.0,,1.0,1.0,,,2.0,,,,2.0,1.0,4.0,,,,,,,,away,main,,,2.0
29,29,D,False,Manuel Garcia,Manuel Garcia,,manuel-garcia,M. Garcia,D,7,1105366,AR,Argentina,EUR,929059200.0,39.0,31.0,5.0,4.0,,3.0,3.0,,,,90.0,50.0,6.0,10.0,6.0,6.2,1.0,6.0,2.0,1.0,1.0,,,,2.0,,,3.0,,,,,,,,,,away,main,,,
2,2,D,False,Juan Manuel Insaurralde,,,juan-manuel-insaurralde,J. M. Insaurralde,D,42,93196,AR,Argentina,EUR,465609600.0,39.0,30.0,9.0,3.0,,5.0,4.0,,,,90.0,54.0,6.6,11.0,6.6,6.4,,1.0,1.0,1.0,1.0,,,1.0,4.0,,,,,,,,,,,,,away,main,,,
6,6,D,False,Franco Sbuttoni,,,franco-sbuttoni,F. Sbuttoni,D,6,830753,AR,Argentina,EUR,610416000.0,12.0,8.0,2.0,,1.0,1.0,4.0,,,,45.0,17.0,6.4,5.0,6.4,6.4,,,,,,,,,,,,,,,,,,,,,,away,main,,,
33,33,D,False,Gabriel Díaz,Gabriel Díaz,,gabriel-diaz,G. Díaz,D,28,1199053,AR,Argentina,EUR,956102400.0,11.0,7.0,2.0,,,1.0,4.0,,,,45.0,21.0,6.4,6.0,6.4,6.5,1.0,2.0,,1.0,1.0,,,,,,,1.0,,1.0,,,,,,,,away,main,,,
30,30,M,False,Manuel Mónaco,Manuel Mónaco,,manuel-monaco,M. Mónaco,M,27,1179175,AR,Argentina,EUR,,18.0,13.0,2.0,,,1.0,1.0,1.0,,,63.0,27.0,5.9,12.0,5.9,6.1,3.0,6.0,3.0,,,,,,,,,,,1.0,,,,,,,,away,main,,,
31,31,M,False,Harrinson Mancilla,,,harrinson-mancilla,H. Mancilla,M,41,869952,CO,Colombia,EUR,693360000.0,18.0,14.0,4.0,1.0,,,,,,,45.0,24.0,6.1,7.0,6.1,6.2,,4.0,2.0,,,,,1.0,,,,1.0,1.0,,,,,,,,,away,main,,,
17,17,M,False,Jean Rosso,,,jean-rosso,J. Rosso,D,28,924891,UY,Uruguay,EUR,860371200.0,25.0,21.0,,,2.0,5.0,4.0,,,,90.0,51.0,6.7,12.0,6.7,6.9,2.0,5.0,1.0,1.0,1.0,,,3.0,2.0,,,,2.0,2.0,,,,,,,,away,main,,,1.0
16,16,F,False,Lucas Melano,,,lucas-melano,L. Melano,F,35,249071,AR,Argentina,EUR,730944000.0,24.0,13.0,1.0,,,2.0,,1.0,,,90.0,35.0,6.9,14.0,6.9,6.9,2.0,3.0,,1.0,1.0,,,,,2.0,,,1.0,3.0,1.0,,2.0,,,,1.0,away,main,,,
7,7,F,False,Lisandro López,,,lisandro-lopez,L. López,F,337,13207,AR,Argentina,EUR,415411200.0,12.0,7.0,2.0,1.0,2.0,2.0,1.0,,,,63.0,19.0,6.7,7.0,6.7,6.7,5.0,5.0,,,,,,,,,True,,,1.0,2.0,,,,,,,away,main,,,
18,18,D,True,Alejandro Donatti,,,alejandro-donatti,A. Donatti,D,28,249425,AR,Argentina,EUR,530496000.0,18.0,13.0,3.0,,,1.0,4.0,1.0,,,45.0,24.0,6.4,5.0,6.4,6.5,,,,,,,,,,,,,,,,,,,,,,away,substitute,,,1.0
10,10,F,True,Sergio Quiroga,,,sergio-quiroga,S. Quiroga,M,15,885010,AR,Argentina,EUR,770947200.0,13.0,9.0,2.0,1.0,,1.0,,1.0,,,45.0,19.0,6.4,8.0,6.4,6.4,,4.0,2.0,,,,,,,1.0,,1.0,1.0,1.0,,,,,,,1.0,away,substitute,,,
52,52,M,True,Emiliano Méndez,,,emiliano-mendez,E. Méndez,M,5,841958,AR,Argentina,EUR,603504000.0,21.0,13.0,1.0,,,1.0,,,,,43.0,24.0,5.9,8.0,5.9,6.0,1.0,6.0,,,,,,1.0,1.0,,,2.0,4.0,,,,,,,,,away,substitute,,,
8,8,M,True,Guido Mainero,,,guido-mainero,G. Mainero,M,25,895232,AR,Argentina,EUR,795916800.0,13.0,8.0,2.0,,,3.0,,1.0,,,27.0,30.0,6.1,16.0,6.1,6.3,1.0,5.0,1.0,4.0,2.0,,,1.0,,,,1.0,,6.0,,,,,,,1.0,away,substitute,,,
22,22,F,True,Javier Toledo,,,javier-toledo,J. Toledo,F,55,33776,AR,Argentina,EUR,514684800.0,1.0,1.0,,,,,,,,,27.0,7.0,6.3,3.0,6.3,6.3,2.0,5.0,1.0,1.0,,,,,,,,,1.0,,,,,,,,,away,substitute,,,
12,12,G,True,Thyago Ayala,Thyago Ayala,,ayala-thyago,T. Ayala,G,0,1511998,AR,Argentina,EUR,999820800.0,,,,,,,,,,,,,,,,,,,,,,,,,,,,,,,,,,,,,,away,substitute,,,
27,27,D,True,Emanuel Hernández,,,emanuel-hernandez,E. Hernández,D,27,975816,UY,Uruguay,EUR,878169600.0,,,,,,,,,,,,,,,,,,,,,,,,,,,,,,,,,,,,,,away,substitute,,,
28,28,M,True,Joaquin Gho,Joaquin Gho,,joaquin-gho,J. Gho,M,2,1094993,AR,Argentina,EUR,1052870400.0,,,,,,,,,,,,,,,,,,,,,,,,,,,,,,,,,,,,,,away,substitute,,,
5,5,M,True,Fernando Martinez,,,martinez-fernando,F. Martinez,M,21,974318,PY,Paraguay,EUR,,,,,,,,,,,,,,,,,,,,,,,,,,,,,,,,,,,,,,,away,substitute,,,
99,99,F,True,Lautaro Cerato,Lautaro Cerato,,cerato-lautaro,L. Cerato,F,7,1508530,AR,Argentina,EUR,969408000.0,,,,,,,,,,,,,,,,,,,,,,,,,,,,,,,,,,,,,,away,substitute,,,
23,23,F,True,Diego Azcurra,Diego Azcurra,,azcurra-diego,D. Azcurra,F,0,1466523,AR,Argentina,EUR,895968000.0,,,,,,,,,,,,,,,,,,,,,,,,,,,,,,,,,,,,,,away,substitute,,,
34,34,F,True,Juan Kaprof,,,juan-kaprof,J. Kaprof,F,24,341101,AR,Argentina,EUR,794966400.0,,,,,,,,,,,,,,,,,,,,,,,,,,,,,,,,,,,,,,away,substitute,,,
