shirtNumber,jerseyNumber,position,substitute,player.name,player.slug,player.shortName,player.position,player.userCount,player.id,player.country.alpha2,player.country.name,player.marketValueCurrency,player.dateOfBirthTimestamp,statistics.totalPass,statistics.accuratePass,statistics.totalLongBalls,statistics.accurateLongBalls,statistics.duelLost,statistics.totalClearance,statistics.errorLeadToAShot,statistics.penaltyConceded,statistics.fouls,statistics.savedShotsFromInsideTheBox,statistics.saves,statistics.punches,statistics.minutesPlayed,statistics.touches,statistics.rating,statistics.possessionLostCtrl,statistics.ratingVersions.original,statistics.ratingVersions.alternative,statistics.totalCross,statistics.challengeLost,statistics.interceptionWon,statistics.aerialLost,statistics.aerialWon,statistics.duelWon,statistics.totalContest,statistics.wonContest,statistics.outfielderBlock,statistics.totalTackle,statistics.clearanceOffLine,statistics.wasFouled,statistics.dispossessed,player.firstName,captain,player.lastName,statistics.totalOffside,statistics.accurateCross,team,player_type,statistics.goodHighClaim,statistics.bigChanceCreated,statistics.keyPass,statistics.bigChanceMissed,statistics.shotOffTarget,statistics.goalAssist,statistics.onTargetScoringAttempt,statistics.blockedScoringAttempt,statistics.goals,statistics.hitWoodwork,statistics.penaltyWon
1,1,G,False,Catherine Musonda,musonda-catherine,C. Musonda,G,31,1130444,ZM,Zambia,EUR,887932800.0,34.0,23.0,15.0,5.0,1.0,2.0,1.0,1.0,1.0,3.0,5.0,1.0,90.0,51.0,6.2,12.0,6.2,5.7,,,,,,,,,,,,,,,,,,,home,main,,,,,,,,,,,
8,8,D,False,Margaret Belemu,belemu-margaret,M. Belemu,D,27,1130428,ZM,Zambia,EUR,856742400.0,52.0,38.0,7.0,2.0,1.0,,,,,,,,90.0,74.0,5.8,20.0,5.8,5.6,1.0,1.0,2.0,,,,,,,,,,,,,,,,home,main,,,,,,,,,,,
15,15,D,False,Agness Musase,musase-agness,A. Musase,M,19,1130443,ZM,Zambia,EUR,876096000.0,42.0,27.0,8.0,1.0,1.0,3.0,1.0,,,,,,90.0,51.0,5.3,19.0,5.3,5.3,,,,1.0,,,,,,,,,,,,,,,home,main,,,,,,,,,,,
3,3,D,False,Lushomo Mweemba,mweemba-lushomo,L. Mweemba,D,23,1130435,ZM,Zambia,EUR,986860800.0,39.0,20.0,15.0,3.0,1.0,3.0,,,,,,,82.0,46.0,6.0,19.0,6.0,6.0,,,,1.0,2.0,4.0,1.0,1.0,1.0,1.0,,,,,,,,,home,main,,,,,,,,,,,
13,13,D,False,Martha Tembo,tembo-martha,M. Tembo,D,29,1130787,ZM,Zambia,EUR,889315200.0,47.0,38.0,2.0,1.0,5.0,2.0,,,3.0,,,,90.0,73.0,6.3,17.0,6.3,6.2,,1.0,2.0,1.0,,,1.0,,2.0,,1.0,,,,,,,,home,main,,,,,,,,,,,
4,4,M,False,Susan Banda,banda-susan,S. Banda,M,20,1487432,ZM,Zambia,EUR,647222400.0,42.0,32.0,4.0,1.0,3.0,2.0,,,2.0,,,,90.0,56.0,6.6,11.0,6.6,6.5,1.0,1.0,1.0,,,4.0,1.0,1.0,,3.0,,,,,,,,,home,main,,,,,,,,,,,
17,17,M,False,Racheal Kundananji,kundananji-racheal,R. Kundananji,F,127,1130786,ZM,Zambia,EUR,959990400.0,27.0,15.0,6.0,3.0,6.0,,,,1.0,,,,90.0,56.0,6.5,24.0,6.5,6.4,,2.0,2.0,,,7.0,4.0,1.0,1.0,5.0,,1.0,,,,,,,home,main,,,,,,,,,,,
14,14,M,False,Ireen Lungu,lungu-ireen,I. Lungu,F,31,1130432,ZM,Zambia,EUR,876096000.0,19.0,12.0,2.0,,2.0,,,,,,,,72.0,26.0,6.0,10.0,6.0,6.0,,,1.0,,,2.0,1.0,,,,,2.0,1.0,,,,,,home,main,,,,,,,,,,,
12,12,M,False,Evarine Katongo,katongo-evarine,E. Katongo,M,34,1130439,ZM,Zambia,EUR,1041120000.0,61.0,41.0,2.0,1.0,3.0,2.0,,,2.0,,,,90.0,74.0,6.4,23.0,6.4,6.4,,1.0,,,1.0,5.0,2.0,2.0,,2.0,,,,,,,,,home,main,,,,,,,,,,,
19,19,M,False,Siomala  Mapepa,siomala-mapepa,S. Mapepa,F,13,1511594,ZM,Zambia,EUR,1028764800.0,16.0,11.0,,,5.0,,,,,,,,72.0,25.0,5.9,11.0,5.9,5.8,1.0,2.0,,1.0,,2.0,,,,1.0,,1.0,2.0,Siomala Mapepa,,,,,home,main,,,,,,,,,,,
11,11,F,False,Barbra Banda,barbra-banda,B. Banda,F,1378,1130427,ZM,Zambia,EUR,953510400.0,17.0,7.0,1.0,,10.0,,,,1.0,,,,90.0,39.0,6.1,25.0,6.1,6.0,,,,3.0,3.0,5.0,4.0,2.0,,,,,4.0,,True,,1.0,,home,main,,,,,,,,,,,
7,7,F,True,Ochumba Lubandji,lubandji-ochumba,O. Lubandji,F,21,1130441,ZM,Zambia,EUR,993945600.0,2.0,1.0,,,3.0,,,,,,,,18.0,5.0,6.4,3.0,6.4,6.4,,1.0,,1.0,,1.0,1.0,1.0,,,,,1.0,,,,,,home,substitute,,,,,,,,,,,
21,21,F,True,Avell Chitundu,chitundu-avell,A. Chitundu,F,26,1130430,ZM,Zambia,EUR,870220800.0,4.0,3.0,,,1.0,,,,,,,,17.0,7.0,6.4,3.0,6.4,6.5,1.0,,,,,,,,,,,,1.0,,,,,1.0,home,substitute,,,,,,,,,,,
23,23,D,True,Vast Phiri,phiri-vast,V. Phiri,D,5,1131419,ZM,Zambia,EUR,823305600.0,11.0,10.0,2.0,2.0,,,,,,,,,8.0,11.0,6.4,1.0,6.4,6.4,,,,,,,,,,,,,,,,,,,home,substitute,,,,,,,,,,,
18,18,G,True,Eunice Sakala,sakala-eunice,E. Sakala,G,7,1426936,ZM,Zambia,EUR,1022112000.0,,,,,,,,,,,,,1.0,,,,,,,,,,,,,,,,,,,,,,,,home,substitute,,,,,,,,,,,
16,16,G,True,Leticia Lungu,leticia-lungu,L. Lungu,G,2,1497566,,,EUR,1091836800.0,,,,,,,,,,,,,,,,,,,,,,,,,,,,,,,,Leticia Lungu,,,,,home,substitute,,,,,,,,,,,
6,6,D,True,Mary Wilombe,wilombe-mary,M. Wilombe,D,12,1130437,ZM,Zambia,EUR,874886400.0,,,,,,,,,,,,,,,,,,,,,,,,,,,,,,,,,,,,,home,substitute,,,,,,,,,,,
2,2,F,True,Judith Soko,soko-judith,J. Soko,D,7,1434204,ZM,Zambia,EUR,1080691200.0,,,,,,,,,,,,,,,,,,,,,,,,,,,,,,,,Judith Soko,,,,,home,substitute,,,,,,,,,,,
20,20,M,True,Hellen Chanda,chanda-hellen,H. Chanda,M,8,1130438,ZM,Zambia,EUR,898214400.0,,,,,,,,,,,,,,,,,,,,,,,,,,,,,,,,,,,,,home,substitute,,,,,,,,,,,
10,10,M,True,Comfort Selemani,comfort-selemani,C. Selemani,M,9,1486372,ZM,Zambia,EUR,1076198400.0,,,,,,,,,,,,,,,,,,,,,,,,,,,,,,,,,,,,,home,substitute,,,,,,,,,,,
5,5,F,True,Mary Mulenga,mary-mulenga,M. Mulenga,F,3,1434205,ZM,Zambia,EUR,892252800.0,,,,,,,,,,,,,,,,,,,,,,,,,,,,,,,,Mary Mulenga,,,,,home,substitute,,,,,,,,,,,
9,9,F,True,Hellen Mubanga,mubanga-hellen,H. Mubanga,F,15,1130433,ZM,Zambia,EUR,801187200.0,,,,,,,,,,,,,,,,,,,,,,,,,,,,,,,,,,,,,home,substitute,,,,,,,,,,,
22,22,F,True,Esther Banda,esther-banda,E. Banda,F,10,1426935,ZM,Zambia,EUR,1100995200.0,,,,,,,,,,,,,,,,,,,,,,,,,,,,,,,,,,,,,home,substitute,,,,,,,,,,,
1,1,G,False,Ayaka Yamashita,ayaka-yamashita,A. Yamashita,G,11,985685,JP,Japan,EUR,812332800.0,20.0,18.0,4.0,2.0,,,,,,,,,90.0,23.0,6.8,3.0,6.8,6.8,,,,,,,,,,,,,,,,,,,away,main,1.0,,,,,,,,,,
23,23,D,False,Rion Ishikawa,ishikawa-rion,R. Ishikawa,D,9,1395363,JP,Japan,EUR,1057276800.0,63.0,48.0,10.0,3.0,2.0,,,,,,,,90.0,71.0,7.2,19.0,7.2,7.0,,2.0,1.0,,,2.0,1.0,1.0,,,,1.0,,,,,,,away,main,,1.0,1.0,,,,,,,,
4,4,D,False,Saki Kumagai,saki-kumagai,S. Kumagai,D,176,121493,JP,Japan,EUR,656121600.0,60.0,51.0,,,2.0,2.0,,,,,,,90.0,69.0,7.0,11.0,7.0,7.1,,,2.0,2.0,2.0,4.0,,,,2.0,,,,,True,,,,away,main,,,,,,,,,,,
3,3,D,False,Moeka Minami,moeka-minami,M. Minami,D,36,985682,JP,Japan,EUR,912988800.0,78.0,62.0,12.0,5.0,1.0,,,,,,,,90.0,82.0,7.4,18.0,7.4,7.3,,,,,2.0,3.0,1.0,,,1.0,,,,,,,,,away,main,,1.0,2.0,,,,,,,,
2,2,M,False,Risa Shimizu,risa-shimizu,R. Shimizu,D,65,985688,JP,Japan,EUR,834796800.0,41.0,31.0,5.0,,4.0,,,,,,,,90.0,65.0,6.8,16.0,6.8,6.6,2.0,1.0,,,1.0,2.0,2.0,1.0,,,,,2.0,,,,1.0,1.0,away,main,,2.0,2.0,1.0,1.0,,,,,,
14,14,M,False,Yui Hasegawa,hasegawa-yui,Y. Hasegawa,M,353,861352,JP,Japan,EUR,854496000.0,79.0,61.0,5.0,3.0,1.0,,,,,,,,90.0,91.0,8.1,23.0,8.1,7.9,,,,,,2.0,1.0,1.0,,1.0,,,1.0,,,,,,away,main,,1.0,3.0,,1.0,1.0,,,,,
10,10,M,False,Fuka Nagano,nagano-fuka,F. Nagano,M,61,542878,JP,Japan,EUR,920937600.0,83.0,66.0,10.0,1.0,4.0,,,,1.0,,,,90.0,91.0,7.1,19.0,7.1,7.1,,2.0,1.0,1.0,,3.0,,,,3.0,,,,,,,,,away,main,,,3.0,,,,1.0,,,,
13,13,M,False,Jun Endo,endo-jun,J. Endo,M,50,946443,JP,Japan,EUR,959126400.0,55.0,43.0,3.0,1.0,6.0,,,,1.0,,,,77.0,94.0,9.0,26.0,9.0,8.9,6.0,1.0,2.0,1.0,,6.0,5.0,3.0,,2.0,,1.0,1.0,,,,1.0,3.0,away,main,,2.0,2.0,,,1.0,1.0,1.0,1.0,,
15,15,F,False,Aoba Fujino,aoba-fujino,A. Fujino,F,24,1395377,JP,Japan,EUR,1075161600.0,23.0,22.0,,,1.0,,,,,,,,77.0,48.0,7.5,10.0,7.5,7.5,6.0,,2.0,,,6.0,3.0,2.0,,1.0,,3.0,,,,,2.0,2.0,away,main,,2.0,4.0,3.0,2.0,1.0,2.0,1.0,,1.0,
7,7,F,False,Hinata Miyazawa,miyazawa-hinata,H. Miyazawa,M,60,947449,JP,Japan,EUR,943747200.0,42.0,36.0,2.0,,,,,,,,,,89.0,63.0,8.7,11.0,8.7,8.5,2.0,,3.0,,,3.0,1.0,1.0,,2.0,,,,,,,,,away,main,,,,1.0,2.0,,2.0,,2.0,,
11,11,F,False,Mina Tanaka,mina-tanaka,M. Tanaka,F,67,131479,JP,Japan,EUR,767491200.0,24.0,17.0,1.0,,5.0,,,,2.0,,,,66.0,41.0,8.4,12.0,8.4,8.4,2.0,1.0,,1.0,,3.0,,,,1.0,,2.0,1.0,,,,2.0,1.0,away,main,,2.0,2.0,1.0,3.0,1.0,2.0,,1.0,,
9,9,F,True,Riko Ueki,ueki-riko,R. Ueki,F,21,945620,JP,Japan,EUR,933292800.0,10.0,8.0,,,2.0,,,,,,,,24.0,19.0,7.1,3.0,7.1,7.0,,,,1.0,3.0,6.0,1.0,,,1.0,,2.0,,,,,1.0,,away,substitute,,,,2.0,2.0,,2.0,,1.0,,1.0
17,17,D,True,Kiko Seike,kiko-seike,K. Seike,D,7,1011240,JP,Japan,EUR,839462400.0,13.0,10.0,,,,,,,,,,,13.0,18.0,6.9,4.0,6.9,6.9,,,,,,1.0,,,,1.0,,,,,,,1.0,,away,substitute,,,,,,,1.0,,,,
8,8,M,True,Hikaru Naomoto,hikaru-naomoto,H. Naomoto,M,20,131476,JP,Japan,EUR,762652800.0,9.0,7.0,1.0,,2.0,,,,,,,,13.0,14.0,6.8,3.0,6.8,6.8,2.0,1.0,,,,1.0,,,,1.0,,,1.0,,,,1.0,2.0,away,substitute,,,2.0,,,,,,,,
22,22,F,True,Remina Chiba,remina-chiba,R. Chiba,M,3,1385484,JP,Japan,EUR,,3.0,3.0,,,,,,,,,,,9.0,5.0,6.5,1.0,6.5,6.5,,,,,,,,,,,,,,,,,,,away,substitute,,,,,,,,1.0,,,
18,18,G,True,Momoko Tanaka,momoko-tanaka,M. Tanaka,G,8,1163249,JP,Japan,EUR,953251200.0,,,,,,,,,,,,,,,,,,,,,,,,,,,,,,,,,,,,,away,substitute,,,,,,,,,,,
21,21,G,True,Chika Hirao,chika-hirao,C. Hirao,G,3,985687,JP,Japan,EUR,851990400.0,,,,,,,,,,,,,,,,,,,,,,,,,,,,,,,,,,,,,away,substitute,,,,,,,,,,,
12,12,D,True,Hana Takahashi,hana-takahashi,H. Takahashi,D,2,1113577,JP,Japan,EUR,950918400.0,,,,,,,,,,,,,,,,,,,,,,,,,,,,,,,,,,,,,away,substitute,,,,,,,,,,,
19,19,D,True,Miyabi Moriya,miyabi-moriya,M. Moriya,D,3,1480340,JP,Japan,EUR,840672000.0,,,,,,,,,,,,,,,,,,,,,,,,,,,,,,,,,,,,,away,substitute,,,,,,,,,,,
5,5,D,True,Shiori Miyake,shiori-miyake,S. Miyake,D,4,793219,JP,Japan,EUR,813542400.0,,,,,,,,,,,,,,,,,,,,,,,,,,,,,,,,,,,,,away,substitute,,,,,,,,,,,
16,16,M,True,Honoka Hayashi,hayashi-honoka,H. Hayashi,M,25,1130842,JP,Japan,EUR,895536000.0,,,,,,,,,,,,,,,,,,,,,,,,,,,,,,,,,,,,,away,substitute,,,,,,,,,,,
6,6,M,True,Hina Sugita,sugita-hina,H. Sugita,M,17,276677,JP,Japan,EUR,854668800.0,,,,,,,,,,,,,,,,,,,,,,,,,,,,,,,,,,,,,away,substitute,,,,,,,,,,,
20,20,F,True,Maika Hamano,maika-hamano,M. Hamano,F,61,1395379,JP,Japan,EUR,1084060800.0,,,,,,,,,,,,,,,,,,,,,,,,,,,,,,,,,,,,,away,substitute,,,,,,,,,,,
