shirtNumber,jerseyNumber,position,substitute,captain,player.name,player.slug,player.shortName,player.position,player.userCount,player.id,player.country.alpha2,player.country.name,player.marketValueCurrency,player.dateOfBirthTimestamp,statistics.totalPass,statistics.accuratePass,statistics.totalLongBalls,statistics.accurateLongBalls,statistics.minutesPlayed,statistics.touches,statistics.rating,statistics.ratingVersions.original,statistics.ratingVersions.alternative,statistics.totalCross,statistics.accurateCross,statistics.duelLost,statistics.duelWon,statistics.totalContest,statistics.totalClearance,statistics.totalTackle,statistics.wasFouled,statistics.possessionLostCtrl,statistics.keyPass,player.firstName,player.lastName,statistics.aerialLost,statistics.challengeLost,statistics.outfielderBlock,statistics.interceptionWon,statistics.aerialWon,statistics.shotOffTarget,statistics.fouls,statistics.dispossessed,statistics.wonContest,statistics.onTargetScoringAttempt,statistics.bigChanceCreated,statistics.blockedScoringAttempt,statistics.goals,statistics.bigChanceMissed,statistics.hitWoodwork,team,player_type,statistics.errorLeadToAGoal,statistics.savedShotsFromInsideTheBox,statistics.saves,statistics.totalOffside
21,21,G,False,True,Mariano Andújar,mariano-andujar,M. Andújar,G,83,12758,AR,Argentina,EUR,428371200.0,11.0,11.0,2.0,2.0,90.0,16.0,6.9,6.9,6.8,,,,,,,,,,,,,,,,,,,,,,,,,,,,home,main,,,,
29,29,D,False,,Leonardo Godoy,leonardo-godoy,L. Godoy,D,101,794006,AR,Argentina,EUR,799027200.0,43.0,37.0,3.0,1.0,90.0,62.0,7.5,7.5,7.5,6.0,1.0,1.0,3.0,1.0,1.0,1.0,2.0,16.0,2.0,,,,,,,,,,,,,,,,,,home,main,,,,
4,4,D,False,,Santiago Núñez,santiago-nunez,S. Núñez,D,41,1161819,AR,Argentina,EUR,956966400.0,56.0,51.0,8.0,6.0,90.0,68.0,7.2,7.2,7.4,,,2.0,1.0,,6.0,,1.0,5.0,,Santiago Núñez,,1.0,1.0,1.0,1.0,,,,,,,,,,,,home,main,,,,
26,26,D,False,,Luciano Lollo,luciano-lollo,L. Lollo,D,38,249009,AR,Argentina,EUR,543974400.0,67.0,59.0,9.0,8.0,90.0,76.0,7.3,7.3,7.4,,,5.0,4.0,,3.0,2.0,,9.0,,,,,,,1.0,2.0,1.0,5.0,,,,,,,,,home,main,,,,
13,13,D,False,,Gastón Benedetti,gaston-benedetti,G. Benedetti,M,80,1018407,AR,Argentina,EUR,985824000.0,40.0,38.0,3.0,3.0,90.0,63.0,7.2,7.2,7.4,3.0,1.0,4.0,7.0,2.0,1.0,4.0,,9.0,,,,,2.0,,1.0,1.0,,,2.0,2.0,,,,,,,home,main,,,,
5,5,M,False,,Santiago Ascacíbar,santiago-ascacibar,S. Ascacíbar,M,758,830667,AR,Argentina,EUR,856828800.0,74.0,66.0,3.0,3.0,90.0,89.0,7.2,7.2,7.4,,,10.0,5.0,1.0,4.0,5.0,,9.0,1.0,,,2.0,2.0,,1.0,,1.0,5.0,,,1.0,,,,,,home,main,,,,
30,30,M,False,,Jorge Rodríguez,jorge-rodriguez,J. Rodríguez,M,85,583332,AR,Argentina,EUR,811123200.0,63.0,50.0,12.0,5.0,90.0,78.0,7.8,7.8,7.7,1.0,1.0,2.0,9.0,2.0,1.0,7.0,,13.0,1.0,,,,1.0,,1.0,,,1.0,,2.0,,1.0,1.0,,,,home,main,,,,
15,15,M,False,,Franco Zapiola Yamartino,zapiola-yamartino-franco,F. Z. Yamartino,M,77,1212545,AR,Argentina,EUR,982540800.0,36.0,26.0,4.0,1.0,60.0,54.0,6.6,6.6,6.6,4.0,,7.0,7.0,1.0,,4.0,2.0,19.0,,,,,2.0,,,1.0,,3.0,1.0,,1.0,,,,,,home,main,,,,
10,10,F,False,,Benjamín Rollheiser,benjamin-rollheiser,B. Rollheiser,F,385,922454,AR,Argentina,EUR,953856000.0,43.0,35.0,8.0,6.0,74.0,56.0,9.1,9.1,9.2,5.0,2.0,2.0,3.0,2.0,,2.0,,13.0,3.0,,,,1.0,,,,,,,1.0,3.0,,,2.0,,,home,main,,,,
9,9,F,False,,Guido Carrillo,guido-carrillo,G. Carrillo,F,286,174519,AR,Argentina,EUR,675129600.0,29.0,25.0,,,76.0,34.0,7.3,7.3,7.6,,,1.0,8.0,,,,2.0,4.0,2.0,,,1.0,,,,6.0,2.0,1.0,,,,1.0,,,,,home,main,,,,
16,16,F,False,,Mauro Méndez,mauro-mendez,M. Méndez,F,183,979827,UY,Uruguay,EUR,916531200.0,12.0,6.0,,,61.0,21.0,7.1,7.1,7.3,,,5.0,3.0,3.0,,,1.0,8.0,,,,1.0,1.0,,,1.0,1.0,1.0,,1.0,3.0,,,1.0,1.0,1.0,home,main,,,,
8,8,M,True,,Fernando Zuqui,fernando-zuqui,F. Zuqui,M,69,284729,AR,Argentina,EUR,691200000.0,18.0,15.0,1.0,1.0,30.0,22.0,6.9,6.9,7.0,1.0,1.0,1.0,1.0,,,1.0,,4.0,2.0,,,,,,,,1.0,,1.0,,,,,,,,home,substitute,,,,
7,7,M,True,,José Sosa,jose-sosa,J. Sosa,M,430,22981,AR,Argentina,EUR,487987200.0,22.0,20.0,1.0,1.0,29.0,26.0,7.5,7.5,7.6,1.0,1.0,2.0,2.0,,,1.0,1.0,2.0,1.0,,,,2.0,,,,,,,,1.0,1.0,,1.0,,,home,substitute,,,,
22,22,M,True,,Nicolas Palavecino,palavecino-nicolas,N. Palavecino,M,92,1131305,AR,Argentina,EUR,1048896000.0,10.0,9.0,2.0,1.0,16.0,13.0,6.7,6.7,6.9,,,1.0,,,,,,2.0,1.0,,,,,,,,,,1.0,,1.0,,,,,,home,substitute,,,,
42,42,F,True,,Martiniano Moreno,moreno-martiniano,M. Moreno,F,6,1485384,AR,Argentina,EUR,1052870400.0,2.0,1.0,,,14.0,9.0,5.5,5.5,5.6,1.0,,2.0,1.0,,,,1.0,4.0,,Martiniano Moreno,,1.0,1.0,,,,1.0,,,,,,1.0,,2.0,,home,substitute,,,,
12,12,G,True,,Daniel Sappa,daniel-sappa,D. Sappa,G,16,830664,AR,Argentina,EUR,792288000.0,,,,,,,,,,,,,,,,,,,,,,,,,,,,,,,,,,,,,home,substitute,,,,
18,18,D,True,,Juan Cruz Guasone,juan-cruz-guasone,J. C. Guasone,D,30,1087028,AR,Argentina,EUR,985651200.0,,,,,,,,,,,,,,,,,,,,Juan Cruz Guasone,,,,,,,,,,,,,,,,,home,substitute,,,,
3,3,D,True,,Emmanuel Más,emmanuel-mas,E. Más,D,78,249271,AR,Argentina,EUR,600825600.0,,,,,,,,,,,,,,,,,,,,,,,,,,,,,,,,,,,,,home,substitute,,,,
14,14,D,True,,Eros Mancuso,eros-mancuso,E. Mancuso,D,57,1116624,AR,Argentina,EUR,924307200.0,,,,,,,,,,,,,,,,,,,,Eros Mancuso,,,,,,,,,,,,,,,,,home,substitute,,,,
6,6,D,True,,Ezequiel Muñoz,ezequiel-munoz,E. Muñoz,D,20,42450,AR,Argentina,EUR,655344000.0,,,,,,,,,,,,,,,,,,,,,,,,,,,,,,,,,,,,,home,substitute,,,,
40,40,M,True,,Axel Atum,atum-axel,A. Atum,M,22,1485373,AR,Argentina,EUR,1136160000.0,,,,,,,,,,,,,,,,,,,,Axel Atum,,,,,,,,,,,,,,,,,home,substitute,,,,
11,11,M,True,,Deian Verón,deian-veron,D. Verón,M,38,1086956,AR,Argentina,EUR,969840000.0,,,,,,,,,,,,,,,,,,,,Deian Veron,,,,,,,,,,,,,,,,,home,substitute,,,,
19,19,M,True,,Mateo Pellegrino,pellegrino-mateo,M. Pellegrino,F,63,1099296,AR,Argentina,EUR,983404800.0,,,,,,,,,,,,,,,,,,,,,,,,,,,,,,,,,,,,,home,substitute,,,,
25,25,G,False,,Nahuel Hernan Losada,nahuel-hernan-losada,N. H. Losada,G,28,384552,AR,Argentina,EUR,735004800.0,14.0,13.0,4.0,3.0,90.0,27.0,6.5,6.5,6.7,,,,,,1.0,,,1.0,,,,,,,,,,,,,,,,,,,away,main,1.0,5.0,6.0,
4,4,D,False,,Juan Barinaga,juan-barinaga,J. Barinaga,D,17,974729,AR,Argentina,EUR,971136000.0,18.0,12.0,4.0,1.0,66.0,55.0,5.7,5.7,5.8,3.0,1.0,9.0,5.0,7.0,3.0,2.0,1.0,20.0,,,,1.0,,,1.0,,,2.0,2.0,2.0,,,,,,,away,main,,,,
40,40,D,False,,Matias Moreno,matias-moreno,M. Moreno,M,4,1496360,AR,Argentina,EUR,1064361600.0,22.0,15.0,8.0,4.0,45.0,31.0,6.4,6.4,6.4,,,2.0,4.0,1.0,3.0,1.0,2.0,8.0,,Matias Moreno,,1.0,,,,1.0,,,,,,,,,,,away,main,,,,
6,6,D,False,,Alejandro Rebola,alejandro-rebola,A. Rebola,D,13,830672,AR,Argentina,EUR,585705600.0,40.0,35.0,3.0,1.0,90.0,54.0,6.2,6.2,6.2,,,2.0,2.0,,4.0,,,6.0,,,,2.0,,,5.0,2.0,1.0,,,,,,,,1.0,,away,main,,,,
24,24,D,False,,Erik Godoy,erik-godoy,E. Godoy,D,51,249427,AR,Argentina,EUR,745459200.0,25.0,20.0,7.0,5.0,76.0,29.0,5.8,5.8,5.7,,,5.0,1.0,,2.0,1.0,,5.0,,,,,,,,,,5.0,,,,,,,,,away,main,,,,
22,22,D,False,,Alex Ibacache,alex-ibacache,A. Ibacache,D,186,925222,CL,Chile,EUR,916012800.0,38.0,29.0,8.0,2.0,90.0,52.0,6.3,6.3,6.4,2.0,1.0,1.0,2.0,1.0,2.0,1.0,,11.0,1.0,,,,,,,,,1.0,,1.0,,1.0,,,,,away,main,,,,
12,12,M,False,,Ulises Sánchez,ulises-sanchez,U. Sánchez,M,42,992114,AR,Argentina,EUR,898819200.0,27.0,21.0,7.0,5.0,79.0,51.0,6.5,6.5,6.8,2.0,,9.0,9.0,8.0,,2.0,3.0,16.0,,,,2.0,,,3.0,,1.0,,3.0,4.0,,,1.0,,,,away,main,,,,
5,5,M,False,,Santiago Longo,longo-santiago,S. Longo,M,25,990171,AR,Argentina,EUR,883612800.0,44.0,33.0,5.0,2.0,90.0,51.0,6.3,6.3,6.5,,,4.0,4.0,,1.0,2.0,1.0,11.0,,,,2.0,2.0,,1.0,1.0,,,,,,,,,,,away,main,,,,
36,36,M,False,,Tomas Alejandro Castro,alejandro-castro-tomas,T. A. Castro,M,3,1468139,AR,Argentina,EUR,958089600.0,20.0,16.0,3.0,1.0,45.0,33.0,6.1,6.1,6.1,,,6.0,3.0,4.0,1.0,1.0,1.0,10.0,,Tomas Alejandro Castro,,1.0,,,,,,,2.0,1.0,,,,,,,away,main,,,,
9,9,F,False,True,Pablo Vegetti,pablo-vegetti,P. Vegetti,F,333,583974,AR,Argentina,EUR,592876800.0,21.0,13.0,,,90.0,25.0,6.5,6.5,6.6,1.0,,2.0,2.0,,,,2.0,10.0,,,,1.0,1.0,,,,,,,,,,,,,,away,main,,,,
29,29,F,False,,Franco Jara,franco-jara,F. Jara,F,117,40776,AR,Argentina,EUR,584928000.0,8.0,6.0,,,45.0,20.0,6.4,6.4,6.5,,,3.0,2.0,,1.0,,2.0,8.0,,,,,,,,,,1.0,2.0,,,,,,,,away,main,,,,
20,20,M,True,,Mariano Miño,mariano-mino,M. Miño,M,5,932714,AR,Argentina,EUR,764812800.0,20.0,17.0,2.0,1.0,45.0,29.0,6.4,6.4,6.5,,,2.0,3.0,2.0,,,1.0,7.0,,,,,,,1.0,,,,2.0,2.0,,,,,,,away,substitute,,,,
11,11,M,True,,Ibrahim Hesar,ibrahim-hesar,I. Hesar,F,12,981453,AR,Argentina,EUR,753321600.0,7.0,6.0,,,45.0,12.0,6.4,6.4,6.4,2.0,,2.0,3.0,1.0,,,1.0,3.0,,,,1.0,,,,1.0,,1.0,,1.0,,,,,,,away,substitute,,,,1.0
30,30,F,True,,Daniel Barrea,barrea-daniel,D. Barrea,F,12,1183778,AR,Argentina,EUR,995760000.0,7.0,5.0,1.0,1.0,45.0,15.0,6.5,6.5,6.4,3.0,,4.0,2.0,1.0,1.0,,1.0,7.0,,Daniel Barrea,,,2.0,,,,,,2.0,1.0,,,,,,,away,substitute,,,,
23,23,M,True,,Guillermo Pereira,guillermo-pereira,G. Pereira,M,12,971214,AR,Argentina,EUR,758678400.0,7.0,5.0,1.0,,24.0,14.0,6.2,6.2,6.3,,,3.0,,,1.0,,,4.0,,,,,1.0,1.0,,,,1.0,1.0,,,,,,,,away,substitute,,,,
2,2,D,True,,Diego Novaretti,diego-novaretti,D. Novaretti,D,9,92021,AR,Argentina,EUR,484444800.0,9.0,5.0,2.0,,11.0,13.0,7.0,7.0,7.0,,,,3.0,1.0,1.0,1.0,,4.0,,,,,,1.0,,1.0,,,,1.0,,,,,,,away,substitute,,,,
1,1,G,True,,Manuel Vicentini,manuel-vicentini,M. Vicentini,G,12,256935,AR,Argentina,EUR,640483200.0,,,,,,,,,,,,,,,,,,,,,,,,,,,,,,,,,,,,,away,substitute,,,,
3,3,D,True,,Lucas Diarte,lucas-diarte,L. Diarte,D,16,332777,AR,Argentina,EUR,739152000.0,,,,,,,,,,,,,,,,,,,,,,,,,,,,,,,,,,,,,away,substitute,,,,
31,31,M,True,,Cravero,cravero,Cravero,M,0,1119704,,,EUR,,,,,,,,,,,,,,,,,,,,,,,,,,,,,,,,,,,,,,away,substitute,,,,
32,32,M,True,,Ariel Rojas,ariel-rojas,A. Rojas,M,18,147583,AR,Argentina,EUR,506217600.0,,,,,,,,,,,,,,,,,,,,,,,,,,,,,,,,,,,,,away,substitute,,,,
33,33,F,True,,Iván Ortigoza,ivan-ortigoza,I. Ortigoza,M,7,1092303,AR,Argentina,EUR,794880000.0,,,,,,,,,,,,,,,,,,,,,,,,,,,,,,,,,,,,,away,substitute,,,,
17,17,M,True,,Andrés Amaya,andres-amaya,A. Amaya,F,104,876723,CO,Colombia,EUR,988070400.0,,,,,,,,,,,,,,,,,,,,,,,,,,,,,,,,,,,,,away,substitute,,,,
7,7,F,True,,Fabián Bordagaray,fabian-bordagaray,F. Bordagaray,F,16,79688,AR,Argentina,EUR,540345600.0,,,,,,,,,,,,,,,,,,,,,,,,,,,,,,,,,,,,,away,substitute,,,,
