shirtNumber,jerseyNumber,position,substitute,player.name,player.firstName,player.lastName,player.slug,player.shortName,player.position,player.userCount,player.id,player.country.alpha2,player.country.name,player.marketValueCurrency,player.dateOfBirthTimestamp,statistics.totalPass,statistics.accuratePass,statistics.totalLongBalls,statistics.accurateLongBalls,statistics.totalClearance,statistics.minutesPlayed,statistics.touches,statistics.rating,statistics.possessionLostCtrl,statistics.ratingVersions.original,statistics.ratingVersions.alternative,statistics.goalAssist,statistics.totalCross,statistics.aerialLost,statistics.duelLost,statistics.duelWon,statistics.totalContest,statistics.bigChanceCreated,statistics.shotOffTarget,statistics.totalTackle,statistics.fouls,statistics.keyPass,statistics.aerialWon,statistics.challengeLost,statistics.wonContest,statistics.wasFouled,statistics.interceptionWon,statistics.dispossessed,statistics.onTargetScoringAttempt,statistics.outfielderBlock,statistics.goals,statistics.bigChanceMissed,statistics.blockedScoringAttempt,statistics.accurateCross,statistics.hitWoodwork,statistics.penaltyConceded,team,player_type,statistics.errorLeadToAGoal,statistics.savedShotsFromInsideTheBox,statistics.saves,statistics.totalKeeperSweeper,statistics.accurateKeeperSweeper,statistics.penaltyMiss,statistics.totalOffside
31,31,G,False,Marko Malenica,,,marko-malenica,M. Malenica,G,82,149673,HR,Croatia,EUR,760665600,35.0,21.0,26.0,12.0,1.0,90.0,39.0,6.4,14.0,6.4,6.3,,,,,,,,,,,,,,,,,,,,,,,,,,home,main,,,,,,,
17,17,D,False,Šime Gržan,,,sime-grzan,Š. Gržan,D,68,152402,HR,Croatia,EUR,765590400,42.0,30.0,8.0,4.0,,90.0,63.0,7.4,17.0,7.4,7.4,1.0,2.0,1.0,4.0,4.0,1.0,1.0,1.0,4.0,2.0,4.0,,,,,,,,,,,,,,,home,main,,,,,,,
37,37,D,False,Adrian Leon Barišić,,,adrian-leon-barisic,A. L. Barišić,D,226,959592,BA,Bosnia & Herzegovina,EUR,995500800,32.0,26.0,5.0,2.0,1.0,78.0,44.0,7.1,7.0,7.1,7.0,,,1.0,2.0,12.0,1.0,,,4.0,,,4.0,1.0,1.0,3.0,,,,,,,,,,,home,main,,,,,,,
41,41,D,False,Stefanos Evangelou,,,stefanos-evangelou,S. Evangelou,D,79,800972,GR,Greece,EUR,894931200,56.0,46.0,5.0,1.0,4.0,90.0,65.0,6.7,11.0,6.7,6.8,,,,,4.0,,,,1.0,,,3.0,,,,2.0,,,,,,,,,,home,main,,,,,,,
55,55,D,False,Oleksandr Drambaev,,,oleksandr-drambaev,O. Drambaev,D,87,997084,UA,Ukraine,EUR,987811200,23.0,18.0,5.0,2.0,4.0,90.0,47.0,7.3,10.0,7.3,7.2,,2.0,,3.0,7.0,4.0,,,3.0,,2.0,,1.0,3.0,1.0,1.0,1.0,1.0,,,,,,,,home,main,,,,,,,
66,66,M,False,Petar Pušić,,,petar-pusic,P. Pusić,M,84,837015,CH,Switzerland,EUR,917222400,22.0,20.0,4.0,4.0,1.0,61.0,32.0,7.6,5.0,7.6,7.3,,3.0,,3.0,3.0,,,1.0,2.0,1.0,1.0,,2.0,,1.0,,,1.0,,,,,,,,home,main,,,,,,,
7,7,M,False,Vedran Jugović,,,vedran-jugovic,V. Jugović,M,41,51223,HR,Croatia,EUR,621388800,29.0,26.0,4.0,2.0,2.0,61.0,41.0,7.2,4.0,7.2,7.1,,,1.0,4.0,4.0,1.0,,,3.0,1.0,3.0,,1.0,,1.0,2.0,,,1.0,,,,,,,home,main,,,,,,,
8,8,M,False,Kristian Fućak,,,fucak-kristian,K. Fućak,F,125,989335,HR,Croatia,EUR,911001600,24.0,12.0,6.0,2.0,,61.0,46.0,7.0,24.0,7.0,6.8,,2.0,1.0,9.0,6.0,3.0,,,3.0,1.0,1.0,3.0,1.0,,,3.0,3.0,1.0,,1.0,,,,,,home,main,,,,,,,
11,11,M,False,Mijo Caktaš,,,mijo-caktas,M. Caktaš,M,411,152887,HR,Croatia,EUR,705283200,27.0,20.0,1.0,1.0,,78.0,38.0,7.9,10.0,7.9,7.8,1.0,1.0,,1.0,2.0,,,3.0,2.0,,1.0,,1.0,,,,,1.0,,1.0,1.0,1.0,,,,home,main,,,,,,,
44,44,M,False,Kristijan Lovrić,,,kristijan-lovric,K. Lovrić,M,557,359044,HR,Croatia,EUR,817776000,28.0,20.0,7.0,6.0,,90.0,49.0,8.0,19.0,8.0,7.8,1.0,6.0,,7.0,3.0,4.0,,1.0,,,1.0,2.0,1.0,1.0,,,3.0,2.0,1.0,1.0,,1.0,2.0,,,home,main,,,,,,,
13,13,F,False,Ramón Miérez,,,ramon-mierez,R. Miérez,F,404,836200,AR,Argentina,EUR,863481600,33.0,21.0,,,,90.0,47.0,7.8,17.0,7.8,7.7,,1.0,4.0,8.0,8.0,3.0,,1.0,,,1.0,3.0,1.0,1.0,4.0,,1.0,2.0,,1.0,,,,1.0,,home,main,,,,,,,
6,6,M,True,Darko Nejašmić,,,darko-nejasmic,D. Nejašmić,M,233,897603,HR,Croatia,EUR,917222400,17.0,12.0,3.0,1.0,,29.0,21.0,7.2,6.0,7.2,7.2,,1.0,,2.0,4.0,,,,2.0,1.0,,2.0,1.0,,,,,1.0,,1.0,,,,,,home,substitute,,,,,,,
23,23,M,True,Petar Brlek,,,petar-brlek,P. Brlek,M,84,136718,HR,Croatia,EUR,759801600,14.0,13.0,1.0,,,29.0,21.0,6.9,2.0,6.9,6.9,,,,,1.0,,,1.0,1.0,,,,,,,3.0,,,,,,,,,,home,substitute,,,,,,,
39,39,D,True,Domagoj Bukvić,,,domagoj-bukvic,D. Bukvić,M,101,1122918,HR,Croatia,EUR,1077408000,8.0,5.0,,,1.0,29.0,14.0,7.4,4.0,7.4,7.4,,1.0,,,,,,,,,1.0,,,,,,,1.0,,1.0,,,1.0,,,home,substitute,,,,,,,
5,5,D,True,Styopa Mkrtchyan,,,styopa-mkrtchyan,S. Mkrtchyan,D,73,988354,AM,Armenia,EUR,1045440000,10.0,7.0,1.0,,,12.0,12.0,5.8,3.0,5.8,5.8,,,,,1.0,,,,,1.0,,1.0,,,,1.0,,,,,,,,,1.0,home,substitute,,,,,,,
14,14,M,True,Ivan Fiolić,,,ivan-fiolic,I. Fiolić,M,108,283855,HR,Croatia,EUR,830736000,3.0,2.0,,,,12.0,4.0,6.3,2.0,6.3,6.2,,,,2.0,,,,,,,,,1.0,,,,1.0,,,,,,,,,home,substitute,,,,,,,
15,15,G,True,Marko Barešić,,,marko-baresic,M. Barešić,G,34,843676,HR,Croatia,EUR,925430400,,,,,,,,,,,,,,,,,,,,,,,,,,,,,,,,,,,,,home,substitute,,,,,,,
20,20,D,True,Marin Prekodravac,Marin Prekodravac,,marin-prekodravac,M. Prekodravac,D,32,1152916,HR,Croatia,EUR,1109808000,,,,,,,,,,,,,,,,,,,,,,,,,,,,,,,,,,,,,home,substitute,,,,,,,
36,36,F,True,Nail Omerović,,,nail-omerovic,N. Omerović,D,55,1047993,BA,Bosnia & Herzegovina,EUR,1035072000,,,,,,,,,,,,,,,,,,,,,,,,,,,,,,,,,,,,,home,substitute,,,,,,,
79,79,M,True,Amer Hiroš,,,amer-hiros,A. Hiroš,M,64,797775,BA,Bosnia & Herzegovina,EUR,834364800,,,,,,,,,,,,,,,,,,,,,,,,,,,,,,,,,,,,,home,substitute,,,,,,,
10,10,F,True,Josip Špoljarić,,,josip-spoljaric,J. Špoljarić,F,67,357600,HR,Croatia,EUR,852422400,,,,,,,,,,,,,,,,,,,,,,,,,,,,,,,,,,,,,home,substitute,,,,,,,
24,24,M,True,Filip Živković,,,filip-zivkovic,F. Živković,F,173,1423488,HR,Croatia,EUR,1154390400,,,,,,,,,,,,,,,,,,,,,,,,,,,,,,,,,,,,,home,substitute,,,,,,,
25,25,G,False,Ivan Sušak,,,ivan-susak,I. Sušak,G,43,921539,HR,Croatia,EUR,876096000,20.0,14.0,10.0,4.0,,90.0,30.0,5.7,6.0,5.7,5.2,,,,,,,,,,,,,,,,,,,,,,,,,,away,main,1.0,3.0,4.0,1.0,1.0,,
55,55,M,False,Marco Boras,,,marco-boras,M. Boras,D,27,1065156,HR,Croatia,EUR,1006905600,52.0,32.0,13.0,3.0,2.0,90.0,60.0,6.4,20.0,6.4,6.3,,,,,5.0,,,,2.0,,1.0,3.0,,,,,,,1.0,,,,,,,away,main,,,,,,,
15,15,D,False,Luka Racic,,,luka-racic,L. Racic,D,45,837013,DK,Denmark,EUR,926121600,39.0,31.0,4.0,3.0,4.0,90.0,47.0,5.6,8.0,5.6,5.7,,,2.0,7.0,4.0,1.0,,,2.0,4.0,,1.0,1.0,1.0,,,,,,,,,,,,away,main,,,,,,,
29,29,D,False,Vinko Međimorec,,,vinko-medimorec,V. Međimorec,D,19,798469,HR,Croatia,EUR,833587200,13.0,8.0,5.0,1.0,3.0,27.0,18.0,6.3,5.0,6.3,6.4,,,,,1.0,,,,1.0,,,,,,,,,,1.0,,,,,,,away,main,,,,,,,
33,33,M,False,Antonio Bosec,,,antonio-bosec,A. Bosec,D,65,845373,HR,Croatia,EUR,872726400,17.0,11.0,,,,90.0,43.0,6.6,14.0,6.6,6.8,,2.0,2.0,6.0,8.0,2.0,,,6.0,,2.0,,2.0,1.0,1.0,1.0,1.0,,,,,1.0,2.0,,,away,main,,,,,,,
10,10,F,False,Benedik Mioč,,,benedik-mioc,B. Mioč,M,32,314336,HR,Croatia,EUR,781401600,49.0,44.0,3.0,3.0,1.0,90.0,60.0,6.6,9.0,6.6,6.5,,1.0,,2.0,1.0,2.0,,1.0,1.0,,,,,,,1.0,,,,,,,,,,away,main,,,,,,,
30,30,D,False,Michael Agbekpornu,,,michael-agbekpornu,M. Agbekpornu,M,32,1005403,GH,Ghana,EUR,904521600,10.0,7.0,3.0,2.0,,27.0,18.0,6.3,7.0,6.3,6.1,,,1.0,5.0,3.0,1.0,,1.0,1.0,1.0,,,,1.0,1.0,,3.0,,,,,,,,,away,main,,,,,,,
3,3,M,False,Marko Martinaga,,,marko-martinaga,M. Martinaga,M,22,789119,HR,Croatia,EUR,896227200,42.0,26.0,10.0,4.0,2.0,90.0,75.0,6.1,24.0,6.1,6.2,,3.0,2.0,3.0,4.0,1.0,,,3.0,,,1.0,,,,,,,,,,,,,,away,main,,,,,,,
11,11,F,False,Ante Crnac,,,ante-crnac,A. Crnac,F,259,1090027,HR,Croatia,EUR,1071619200,25.0,16.0,2.0,2.0,,90.0,40.0,7.0,15.0,7.0,6.9,,,1.0,6.0,4.0,5.0,,,1.0,,,,2.0,3.0,,,1.0,1.0,,1.0,,1.0,,,,away,main,,,,,,,
99,99,F,False,Dilan Ortíz,,,dilan-ortiz,D. Ortíz,F,37,974559,CO,Colombia,EUR,953078400,13.0,6.0,2.0,1.0,2.0,60.0,25.0,6.6,13.0,6.6,6.5,,2.0,5.0,11.0,3.0,2.0,,3.0,,3.0,,2.0,1.0,1.0,,,1.0,,,,,,,,,away,main,,,,,,,
9,9,M,False,Arber Hoxha,,,arber-hoxha,A. Hoxha,F,111,890663,XK,Kosovo,EUR,907632000,23.0,18.0,1.0,,,89.0,56.0,5.6,20.0,5.6,5.5,1.0,1.0,,10.0,9.0,11.0,,1.0,1.0,,2.0,1.0,,3.0,4.0,1.0,2.0,,,,1.0,,,1.0,,away,main,,,,,,1.0,
8,8,M,True,Bautista Cascini,,,bautista-cascini,B. Cascini,M,46,830669,AR,Argentina,EUR,865382400,37.0,32.0,3.0,2.0,2.0,63.0,43.0,6.6,5.0,6.6,6.5,,,1.0,2.0,3.0,1.0,,,2.0,1.0,,,,1.0,,,,,,,,,,,,away,substitute,,,,,,,
45,45,F,True,Arb Manaj,,,arb-manaj,A. Manaj,F,79,1014718,XK,Kosovo,EUR,901152000,10.0,7.0,,,,63.0,13.0,6.4,4.0,6.4,6.3,,,3.0,5.0,,,,,,1.0,1.0,,,,,,1.0,,,,,,,,,away,substitute,,,,,,,1.0
17,17,M,True,Mihail Caimacov,Mihail,Caimacov,mihail-caimacov,M. Caimacov,M,55,884871,MD,Moldova,EUR,901065600,12.0,9.0,1.0,1.0,,30.0,18.0,6.2,6.0,6.2,6.2,,1.0,1.0,2.0,,1.0,,,,,1.0,,,,,,,,,,,,,,,away,substitute,,,,,,,
7,7,F,True,Matej Šakota,Matej Sakota,,matej-sakota,M. Šakota,F,95,1139268,BA,Bosnia & Herzegovina,EUR,1092614400,,,,,,1.0,1.0,,1.0,,,,,,,,,,,,,,,,,,,,,,,,,,,,away,substitute,,,,,,,
12,12,G,True,Antun Marković,,,antun-markovic,A. Marković,G,40,255141,HR,Croatia,EUR,710208000,,,,,,,,,,,,,,,,,,,,,,,,,,,,,,,,,,,,,away,substitute,,,,,,,
2,2,D,True,Gabriel Eskinja,,,gabriel-eskinja,G. Eskinja,D,13,1063348,AT,Austria,EUR,1062115200,,,,,,,,,,,,,,,,,,,,,,,,,,,,,,,,,,,,,away,substitute,,,,,,,
18,18,D,True,Filip Krušelj,,,filip-kruselj,F. Krušelj,D,10,1484306,HR,Croatia,EUR,1112140800,,,,,,,,,,,,,,,,,,,,,,,,,,,,,,,,,,,,,away,substitute,,,,,,,
20,20,D,True,Filip Hlevnjak,,,filip-hlevnjak,F. Hlevnjak,D,32,880740,HR,Croatia,EUR,965433600,,,,,,,,,,,,,,,,,,,,,,,,,,,,,,,,,,,,,away,substitute,,,,,,,
21,21,M,True,Emanuel Mađarić,Emanuel Madjaric,,emanuel-madaric,E. Mađarić,M,7,1163483,BA,Bosnia & Herzegovina,EUR,1046217600,,,,,,,,,,,,,,,,,,,,,,,,,,,,,,,,,,,,,away,substitute,,,,,,,
23,23,D,True,Adriano Jagušić,,,adriano-jagusic,A. Jagušić,M,9,1495717,HR,Croatia,EUR,1125964800,,,,,,,,,,,,,,,,,,,,,,,,,,,,,,,,,,,,,away,substitute,,,,,,,
