shirtNumber,jerseyNumber,position,substitute,player.name,player.firstName,player.lastName,player.slug,player.shortName,player.position,player.userCount,player.id,player.country.alpha2,player.country.name,player.marketValueCurrency,player.dateOfBirthTimestamp,statistics.totalPass,statistics.accuratePass,statistics.totalLongBalls,statistics.accurateLongBalls,statistics.totalClearance,statistics.goodHighClaim,statistics.savedShotsFromInsideTheBox,statistics.saves,statistics.minutesPlayed,statistics.touches,statistics.rating,statistics.possessionLostCtrl,statistics.ratingVersions.original,statistics.ratingVersions.alternative,statistics.totalCross,statistics.accurateCross,statistics.aerialWon,statistics.duelLost,statistics.duelWon,statistics.challengeLost,statistics.dispossessed,statistics.totalContest,statistics.wonContest,statistics.shotOffTarget,statistics.interceptionWon,statistics.totalTackle,statistics.wasFouled,statistics.fouls,statistics.keyPass,statistics.outfielderBlock,statistics.aerialLost,captain,statistics.onTargetScoringAttempt,statistics.bigChanceMissed,statistics.hitWoodwork,statistics.penaltyMiss,statistics.blockedScoringAttempt,statistics.totalOffside,statistics.goalAssist,statistics.bigChanceCreated,statistics.goals,team,player_type,statistics.punches,statistics.penaltyConceded
21,21,G,False,Victoria Esson,,,victoria-esson,V. Esson,G,18,985695,NZ,New Zealand,EUR,857606400,27.0,17.0,17.0,7.0,1.0,1.0,1.0,2.0,90.0,32.0,7.0,10.0,7.0,7.2,,,,,,,,,,,,,,,,,,,,,,,,,,,,home,main,,
4,4,D,False,Catherine Bott,,,catherine-bott,C. Bott,D,32,796544,NZ,New Zealand,EUR,798508800,40.0,19.0,13.0,2.0,,,,,90.0,88.0,7.6,36.0,7.6,7.5,2.0,1.0,5.0,5.0,15.0,1.0,1.0,2.0,1.0,1.0,3.0,7.0,2.0,2.0,1.0,,,,,,,,,,,,,home,main,,
13,13,D,False,Rebekah Stott,,,rebekah-stott,R. Stott,M,17,242293,NZ,New Zealand,EUR,740275200,48.0,30.0,11.0,2.0,2.0,,,,70.0,58.0,7.0,18.0,7.0,7.1,,,2.0,,8.0,,,1.0,1.0,,,2.0,3.0,,,1.0,,,,,,,,,,,,home,main,,
14,14,D,False,Katie Bowen,,,katie-bowen,K. Bowen,D,33,131809,NZ,New Zealand,EUR,766368000,45.0,35.0,7.0,3.0,7.0,,,,90.0,59.0,7.3,11.0,7.3,7.3,,,1.0,4.0,3.0,,,1.0,1.0,,3.0,1.0,,,,,4.0,,,,,,,,,,,home,main,,
7,7,D,False,Ali Riley,,,ali-riley,A. Riley,D,36,29142,NZ,New Zealand,EUR,562550400,27.0,16.0,4.0,,,,,,90.0,50.0,6.6,15.0,6.6,6.3,1.0,,,5.0,3.0,4.0,,1.0,,,1.0,3.0,,,,,,True,,,,,,,,,,home,main,,
20,20,M,False,Indiah-Paige Riley,,,indiah-paige-riley,I. Riley,M,46,1009447,NZ,New Zealand,EUR,977270400,16.0,11.0,2.0,1.0,,,,,90.0,55.0,8.0,16.0,8.0,7.9,2.0,,,9.0,17.0,1.0,,7.0,4.0,1.0,2.0,9.0,4.0,1.0,1.0,,4.0,,1.0,,,,,,,,,home,main,,
2,2,M,False,Ria Percival,,,ria-percival,R. Percival,D,30,29126,NZ,New Zealand,EUR,628992000,27.0,19.0,6.0,2.0,2.0,,,,90.0,53.0,7.0,17.0,7.0,7.1,8.0,1.0,5.0,5.0,11.0,1.0,,1.0,,2.0,,5.0,2.0,1.0,1.0,2.0,2.0,,,1.0,1.0,1.0,,,,,,home,main,,
6,6,M,False,Malia Steinmetz,Malia Steinmetz,,steinmetz-malia,M. Steinmetz,M,29,1096340,NZ,New Zealand,EUR,916617600,41.0,28.0,3.0,1.0,3.0,,,,90.0,59.0,6.8,17.0,6.8,6.6,1.0,,4.0,9.0,6.0,3.0,1.0,,,1.0,,2.0,,,,,5.0,,,,,,1.0,,,,,home,main,,
12,12,M,False,Betsy Hassett,,,betsy-hassett,B. Hassett,M,8,121376,NZ,New Zealand,EUR,649728000,30.0,22.0,5.0,3.0,,,,,90.0,55.0,6.4,22.0,6.4,6.0,2.0,,2.0,11.0,4.0,1.0,7.0,1.0,,,1.0,2.0,,,,,2.0,,,,,,1.0,1.0,,,,home,main,,
16,16,F,False,Jacqui Hand,,,hand-jacqui,J. Hand,F,34,1154468,NZ,New Zealand,EUR,919382400,21.0,12.0,2.0,,2.0,,,,89.0,46.0,7.1,22.0,7.1,7.0,1.0,1.0,,4.0,2.0,,2.0,1.0,1.0,,,,1.0,,2.0,,2.0,,,,,,,,1.0,1.0,,home,main,,
17,17,F,False,Hannah Wilkinson,,,hannah-wilkinson,H. Wilkinson,F,101,121374,NZ,New Zealand,EUR,707011200,18.0,13.0,1.0,1.0,1.0,,,,86.0,38.0,7.3,17.0,7.3,7.1,1.0,,1.0,7.0,2.0,,3.0,2.0,,1.0,,,1.0,,1.0,,2.0,,1.0,,,,2.0,1.0,,,1.0,home,main,,
3,3,D,True,Claudia Bunge,,,claudia-bunge,C. Bunge,D,9,1004568,NZ,New Zealand,EUR,937872000,7.0,2.0,3.0,,1.0,,,,20.0,9.0,6.6,5.0,6.6,6.6,,,1.0,2.0,1.0,,,,,,,,,,,1.0,2.0,,,,,,,,,,,home,substitute,,
15,15,F,True,Paige Satchell,,,paige-satchell,P. Satchell,M,15,985694,NZ,New Zealand,EUR,892425600,6.0,3.0,,,,,,,15.0,8.0,6.5,4.0,6.5,6.5,,,,1.0,,,,,,,,,,1.0,,,,,,,,,,1.0,,,,home,substitute,,
9,9,F,True,Gabi Rennie,,,rennie-gabi,G. Rennie,F,22,1130450,NZ,New Zealand,EUR,994464000,2.0,1.0,,,,,,,1.0,5.0,,2.0,,,,,,2.0,1.0,,1.0,,,,,1.0,,,,,1.0,,,,,,,,,,,home,substitute,,
1,1,G,True,Erin Nayler,,,erin-nayler,E. Nayler,G,18,121387,NZ,New Zealand,EUR,703468800,,,,,,,,,,,,,,,,,,,,,,,,,,,,,,,,,,,,,,,,,,home,substitute,,
23,23,G,True,Anna Leat,,,anna-leat,A. Leat,G,21,1022544,NZ,New Zealand,EUR,993513600,,,,,,,,,,,,,,,,,,,,,,,,,,,,,,,,,,,,,,,,,,home,substitute,,
5,5,D,True,Michaela Foster,Michaela Foster,,foster-michaela,M. Foster,D,10,1431832,NZ,New Zealand,EUR,915840000,,,,,,,,,,,,,,,,,,,,,,,,,,,,,,,,,,,,,,,,,,home,substitute,,
19,19,D,True,Elizabeth Anton,Elizabeth Anton,,elizabeth-anton,E. Anton,D,13,1096412,NZ,New Zealand,EUR,913420800,,,,,,,,,,,,,,,,,,,,,,,,,,,,,,,,,,,,,,,,,,home,substitute,,
18,18,F,True,Grace Jale,Grace Jale,,jale-grace,G. Jale,M,14,1159570,NZ,New Zealand,EUR,923702400,,,,,,,,,,,,,,,,,,,,,,,,,,,,,,,,,,,,,,,,,,home,substitute,,
11,11,M,True,Olivia Chance,,,olivia-chance,O. Chance,M,26,985696,NZ,New Zealand,EUR,749779200,,,,,,,,,,,,,,,,,,,,,,,,,,,,,,,,,,,,,,,,,,home,substitute,,
10,10,M,True,Annalie Longo,,,annalie-longo,A. Longo,M,4,29139,NZ,New Zealand,EUR,678326400,,,,,,,,,,,,,,,,,,,,,,,,,,,,,,,,,,,,,,,,,,home,substitute,,
8,8,M,True,Daisy Cleverley,,,daisy-cleverley,D. Cleverley,M,7,796545,NZ,New Zealand,EUR,862358400,,,,,,,,,,,,,,,,,,,,,,,,,,,,,,,,,,,,,,,,,,home,substitute,,
22,22,F,True,Emily Clegg,,,emily-clegg,E. Clegg,F,12,1416695,NZ,New Zealand,EUR,1130803200,,,,,,,,,,,,,,,,,,,,,,,,,,,,,,,,,,,,,,,,,,home,substitute,,
23,23,G,False,Aurora Mikalsen,,,mikalsen-aurora,A. Mikalsen,G,34,1004929,NO,Norway,EUR,827366400,27.0,11.0,24.0,8.0,1.0,1.0,,1.0,90.0,35.0,6.7,16.0,6.7,6.6,,,,,,,,,,,,,,,,,,,,,,,,,,,,away,main,1.0,
13,13,D,False,Thea Bjelde,,,bjelde-thea,T. Bjelde,M,32,905835,NO,Norway,EUR,960163200,23.0,15.0,2.0,,2.0,,,,89.0,54.0,7.3,14.0,7.3,7.4,,,1.0,2.0,8.0,1.0,,,,,3.0,7.0,,,,2.0,1.0,,,,,,,,,,,away,main,,
6,6,D,False,Maren Mjelde,,,maren-mjelde,M. Mjelde,D,224,25728,NO,Norway,EUR,626313600,35.0,23.0,8.0,4.0,4.0,,,,90.0,45.0,6.7,13.0,6.7,6.7,,,1.0,1.0,1.0,,,,,,2.0,,,1.0,,,,True,,,,,,,,,,away,main,,
16,16,D,False,Mathilde Harviken,,,mathilde-harviken,M. Harviken,D,18,1046173,NO,Norway,EUR,1009584000,46.0,30.0,9.0,2.0,5.0,,,,90.0,63.0,6.8,18.0,6.8,6.8,,,,2.0,3.0,,1.0,,,,2.0,2.0,1.0,1.0,,1.0,,,,,,,,,,,,away,main,,
4,4,D,False,Tuva Hansen,,,hansen-tuva,T. Hansen,D,68,806295,NO,Norway,EUR,870652800,41.0,28.0,6.0,1.0,5.0,,,,90.0,73.0,7.1,15.0,7.1,7.1,2.0,1.0,1.0,1.0,4.0,1.0,,1.0,1.0,,3.0,2.0,,1.0,2.0,1.0,,,1.0,,1.0,,,,,,,away,main,,1.0
7,7,M,False,Ingrid Syrstad Engen,,,engen-ingrid-syrstad,I. S. Engen,M,654,836948,NO,Norway,EUR,893808000,48.0,25.0,5.0,2.0,4.0,,,,90.0,66.0,6.8,26.0,6.8,6.6,,,7.0,11.0,12.0,2.0,2.0,,,,,4.0,1.0,2.0,,,5.0,,1.0,,,,,,,,,away,main,,
18,18,M,False,Frida Maanum,,,maanum-frida,F. Maanum,M,268,878675,NO,Norway,EUR,932083200,21.0,13.0,4.0,2.0,1.0,,,,74.0,32.0,6.9,11.0,6.9,6.9,1.0,1.0,4.0,4.0,5.0,,1.0,2.0,,3.0,,1.0,,,2.0,,1.0,,,,,,,,,,,away,main,,
11,11,M,False,Guro Reiten,,,guro-reiten,G. Reiten,M,788,96004,NO,Norway,EUR,775180800,23.0,13.0,6.0,1.0,,,,,90.0,44.0,6.3,19.0,6.3,6.0,2.0,,2.0,9.0,6.0,,4.0,3.0,2.0,1.0,,2.0,,2.0,,,2.0,,,1.0,,,1.0,,,,,away,main,,
10,10,F,False,Caroline Graham Hansen,,,caroline-graham-hansen,C. Hansen,F,1150,986310,NO,Norway,EUR,793065600,22.0,18.0,1.0,1.0,,,,,90.0,47.0,7.0,15.0,7.0,6.8,2.0,,,7.0,7.0,,2.0,10.0,6.0,,1.0,1.0,,,1.0,,1.0,,,,,,,,,,,away,main,,
14,14,F,False,Ada Hegerberg,,,ada-hegerberg,A. Hegerberg,F,836,114542,NO,Norway,EUR,805334400,17.0,9.0,2.0,,1.0,,,,90.0,38.0,6.7,17.0,6.7,6.6,1.0,,2.0,13.0,2.0,1.0,1.0,3.0,,2.0,,,,3.0,3.0,,6.0,,,,,,2.0,1.0,,1.0,,away,main,,
17,17,F,False,Julie Blakstad,,,blakstad-julie,J. Blakstad,F,90,981905,NO,Norway,EUR,998784000,19.0,9.0,,,2.0,,,,56.0,49.0,5.9,24.0,5.9,6.0,2.0,1.0,2.0,19.0,6.0,3.0,5.0,6.0,1.0,,1.0,2.0,1.0,3.0,,,4.0,,,,,,,1.0,,,,away,main,,
20,20,F,True,Emilie Haavi,,,emilie-haavi,E. Haavi,F,56,36345,NO,Norway,EUR,708652800,13.0,6.0,3.0,,,,,,34.0,26.0,6.9,12.0,6.9,6.9,4.0,1.0,1.0,4.0,5.0,,,2.0,1.0,1.0,1.0,1.0,2.0,2.0,1.0,,1.0,,,,,,1.0,,,,,away,substitute,,
8,8,M,True,Vilde Bøe Risa,,,vilde-boe-risa,V. B. Risa,M,142,997955,NO,Norway,EUR,805593600,13.0,7.0,,,,,,,16.0,20.0,6.8,7.0,6.8,6.9,,,2.0,,4.0,,,,,,,2.0,,,,,,,,,,,,,,,,away,substitute,,
2,2,D,True,Anja Sønstevold,,,anja-sonstevold,A. Sønstevold,D,29,68151,NO,Norway,EUR,709084800,5.0,2.0,1.0,,,,,,8.0,10.0,6.7,3.0,6.7,6.8,1.0,1.0,1.0,,1.0,,,,,,1.0,,,,1.0,,,,,,,,,,,,,away,substitute,,
1,1,G,True,Cecilie Fiskerstrand,,,fiskerstrand-cecilie,C. Fiskerstrand,G,15,258213,NO,Norway,EUR,827280000,,,,,,,,,,,,,,,,,,,,,,,,,,,,,,,,,,,,,,,,,,away,substitute,,
12,12,G,True,Guro Pettersen,,,pettersen-guro,G. Pettersen,G,40,877171,NO,Norway,EUR,682819200,,,,,,,,,,,,,,,,,,,,,,,,,,,,,,,,,,,,,,,,,,away,substitute,,
3,3,D,True,Sara Hørte,Sara Hørte,,sara-horte,S. Hørte,D,3,1425078,NO,Norway,EUR,975024000,,,,,,,,,,,,,,,,,,,,,,,,,,,,,,,,,,,,,,,,,,away,substitute,,
5,5,D,True,Guro Bergsvand,,,bergsvand-guro,G. Bergsvand,D,31,939513,NO,Norway,EUR,762652800,,,,,,,,,,,,,,,,,,,,,,,,,,,,,,,,,,,,,,,,,,away,substitute,,
19,19,D,True,Marit Bratberg Lund,,,lund-marit-bratberg,M. B. Lund,M,3,837396,NO,Norway,EUR,878860800,,,,,,,,,,,,,,,,,,,,,,,,,,,,,,,,,,,,,,,,,,away,substitute,,
9,9,F,True,Karina Sævik,,,karina-saevik,K. Sævik,M,60,823181,NO,Norway,EUR,827625600,,,,,,,,,,,,,,,,,,,,,,,,,,,,,,,,,,,,,,,,,,away,substitute,,
22,22,F,True,Sophie Haug,,,haug-sophie,S. Haug,F,61,843076,NO,Norway,EUR,936403200,,,,,,,,,,,,,,,,,,,,,,,,,,,,,,,,,,,,,,,,,,away,substitute,,
15,15,M,True,Amalie Eikeland,,,amalie-eikeland,A. Eikeland,F,44,184917,NO,Norway,EUR,809395200,,,,,,,,,,,,,,,,,,,,,,,,,,,,,,,,,,,,,,,,,,away,substitute,,
21,21,F,True,Anna Jøsendal,,,anna-josendal,A. Jøsendal,F,26,910472,NO,Norway,EUR,988502400,,,,,,,,,,,,,,,,,,,,,,,,,,,,,,,,,,,,,,,,,,away,substitute,,
