shirtNumber,jerseyNumber,position,substitute,player.name,player.firstName,player.lastName,player.slug,player.shortName,player.position,player.userCount,player.id,player.country.alpha2,player.country.name,player.marketValueCurrency,player.dateOfBirthTimestamp,statistics.totalPass,statistics.accuratePass,statistics.totalLongBalls,statistics.accurateLongBalls,statistics.duelWon,statistics.wasFouled,statistics.savedShotsFromInsideTheBox,statistics.saves,statistics.minutesPlayed,statistics.touches,statistics.rating,statistics.possessionLostCtrl,statistics.ratingVersions.original,statistics.ratingVersions.alternative,statistics.totalCross,statistics.accurateCross,statistics.aerialWon,statistics.duelLost,statistics.challengeLost,statistics.totalContest,statistics.wonContest,statistics.blockedScoringAttempt,statistics.totalClearance,statistics.interceptionWon,statistics.totalTackle,statistics.fouls,statistics.keyPass,statistics.aerialLost,statistics.outfielderBlock,statistics.dispossessed,statistics.bigChanceCreated,statistics.shotOffTarget,statistics.onTargetScoringAttempt,statistics.goalAssist,statistics.bigChanceMissed,statistics.goals,team,player_type,statistics.punches,statistics.hitWoodwork,statistics.totalOffside
31,31,G,False,Ivan Banić,,,ivan-banic,I. Banić,G,72,136705,HR,Croatia,EUR,774489600,33.0,23.0,14.0,4.0,2.0,2.0,2.0,3.0,90.0,44.0,6.8,11.0,6.8,6.8,,,,,,,,,,,,,,,,,,,,,,,home,main,,,
20,20,D,False,Momčilo Raspopović,,,momcilo-raspopovic,M. Raspopović,D,45,138935,ME,Montenegro,EUR,763948800,29.0,23.0,3.0,2.0,5.0,,,,90.0,58.0,7.4,15.0,7.4,7.3,8.0,3.0,1.0,4.0,2.0,1.0,1.0,1.0,2.0,1.0,3.0,2.0,3.0,,,,,,,,,,home,main,,,
4,4,D,False,Matthew Steenvoorden,,,matthew-steenvoorden,M. Steenvoorden,D,50,196094,NL,Netherlands,EUR,726537600,46.0,37.0,11.0,6.0,1.0,1.0,,,90.0,51.0,6.6,9.0,6.6,6.6,,,,3.0,,,,,2.0,,,2.0,,1.0,1.0,,,,,,,,home,main,,,
5,5,D,False,Mateo Leš,,,mateo-les,M. Leš,D,86,965816,HR,Croatia,EUR,953942400,41.0,37.0,4.0,3.0,3.0,,,,84.0,50.0,7.0,5.0,7.0,7.0,,,1.0,3.0,,1.0,1.0,,5.0,,1.0,1.0,2.0,2.0,,,,,,,,,home,main,,,
90,90,D,False,Dino Štiglec,,,dino-stiglec,D. Štiglec,D,38,51287,HR,Croatia,EUR,654912000,29.0,20.0,2.0,,1.0,,,,90.0,51.0,6.6,14.0,6.6,6.4,3.0,1.0,,4.0,2.0,1.0,1.0,,2.0,,,,2.0,,1.0,2.0,,,,,,,home,main,,,
6,6,M,False,Marko Soldo,,,soldo-marko,M. Soldo,M,80,1133184,BA,Bosnia & Herzegovina,EUR,1069459200,15.0,13.0,,,1.0,,,,60.0,24.0,6.5,3.0,6.5,6.4,,,,5.0,2.0,1.0,,,4.0,2.0,1.0,2.0,,,,,,,,,,,home,main,,,
10,10,M,False,Jurica Pršir,,,jurica-prsir,J. Pršir,M,208,880745,HR,Croatia,EUR,959558400,37.0,31.0,5.0,2.0,6.0,3.0,,,90.0,54.0,7.7,11.0,7.7,7.7,6.0,4.0,1.0,1.0,,1.0,1.0,,,,1.0,,3.0,,1.0,1.0,1.0,1.0,,,,,home,main,,,
77,77,M,False,Valentino Majstorović,,,valentino-majstorovic,V. Majstorović,M,64,536820,HR,Croatia,EUR,816048000,2.0,1.0,1.0,,1.0,1.0,,,45.0,8.0,6.6,2.0,6.6,6.5,,,,4.0,,,,,,1.0,,3.0,,,,1.0,,1.0,,,,,home,main,,,
8,8,F,False,Merveil Ndockyt,,,merveil-ndockyt,M. Ndockyt,M,214,890996,CG,Congo Republic,EUR,900892800,30.0,25.0,2.0,1.0,6.0,2.0,,,90.0,41.0,7.4,6.0,7.4,7.2,,,2.0,2.0,,2.0,2.0,2.0,,,,1.0,1.0,1.0,,,,2.0,1.0,,,,home,main,,,
14,14,M,False,Josip Mitrović,,,josip-mitrovic,J. Mitrović,M,128,880751,HR,Croatia,EUR,960681600,20.0,15.0,2.0,1.0,4.0,,,,90.0,34.0,7.7,7.0,7.7,7.4,,,,5.0,1.0,,,1.0,,1.0,4.0,1.0,3.0,2.0,,1.0,1.0,2.0,,1.0,,,home,main,,,
46,46,F,False,Nikola Vujnović,,,nikola-vujnovic,N. Vujnović,F,34,357708,ME,Montenegro,EUR,852940800,8.0,8.0,,,3.0,1.0,,,60.0,18.0,7.7,,7.7,7.6,,,1.0,3.0,,1.0,1.0,,1.0,,,,1.0,3.0,,,,2.0,4.0,,1.0,1.0,home,main,,,
9,9,F,True,Sven Blummel,,,sven-blummel,S. Blummel,M,31,806289,NL,Netherlands,EUR,842140800,4.0,3.0,1.0,,,,,,26.0,9.0,6.5,2.0,6.5,6.5,,,,2.0,,,,1.0,1.0,1.0,,,,1.0,,1.0,,,,,,,home,substitute,,,
15,15,M,True,Filip Mrzljak,,,filip-mrzljak,F. Mrzljak,M,45,94235,HR,Croatia,EUR,734918400,13.0,12.0,1.0,,,,,,30.0,18.0,6.5,2.0,6.5,6.4,1.0,1.0,,3.0,2.0,,,1.0,,,,,1.0,,,1.0,,,1.0,,,,home,substitute,,,
7,7,F,True,Ante Matej Jurić,Ante Matej Juric,,ante-matej-juric,A. M. Jurić,F,71,1144266,HR,Croatia,EUR,1038268800,7.0,3.0,,,1.0,,,,30.0,11.0,6.5,5.0,6.5,6.5,,,,5.0,1.0,,,1.0,,,1.0,1.0,,2.0,,1.0,,1.0,,,,,home,substitute,,,
25,25,D,True,Krešimir Krizmanić,,,kresimir-krizmanic,K. Krizmanić,D,185,946040,HR,Croatia,EUR,962582400,5.0,3.0,2.0,,,,,,19.0,11.0,6.6,3.0,6.6,6.6,,,,1.0,,,,,3.0,,,1.0,1.0,,,,,,1.0,,,,home,substitute,,,
89,89,F,True,Tim Matavž,,,tim-matavz,T. Matavž,F,161,28324,SI,Slovenia,EUR,600566400,,,,,,,,,10.0,,6.5,,6.5,6.5,,,,,,,,,,,,,,,,,,,,,,,home,substitute,,,
12,12,G,True,Jan Paolo Debijađi,,,jan-paolo-debijadi,J. P. Debijađi,G,32,943392,HR,Croatia,EUR,955843200,,,,,,,,,,,,,,,,,,,,,,,,,,,,,,,,,,,,,home,substitute,,,
44,44,G,True,Božidar Radošević,,,bozidar-radosevic,B. Radošević,G,98,84360,HR,Croatia,EUR,607651200,,,,,,,,,,,,,,,,,,,,,,,,,,,,,,,,,,,,,home,substitute,,,
34,34,D,True,Mario Matković,Mario Matkovic,,mario-matkovic,M. Matković,D,22,1163517,HR,Croatia,EUR,1049241600,,,,,,,,,,,,,,,,,,,,,,,,,,,,,,,,,,,,,home,substitute,,,
35,35,D,True,Zvonimir Josić,,,zvonimir-josic,Z. Josić,D,15,1469647,HR,Croatia,EUR,1156809600,,,,,,,,,,,,,,,,,,,,,,,,,,,,,,,,,,,,,home,substitute,,,
40,40,D,True,Đuro-Giulio Đekić,,,duro-giulio-dekic,Đ. Đekić,D,6,1153960,RS,Serbia,EUR,1120089600,,,,,,,,,,,,,,,,,,,,,,,,,,,,,,,,,,,,,home,substitute,,,
23,23,M,True,Luka Kapulica,,,luka-kapulica,L. Kapulica,M,114,1391849,HR,Croatia,EUR,1106006400,,,,,,,,,,,,,,,,,,,,,,,,,,,,,,,,,,,,,home,substitute,,,
1,1,G,False,Oliver Zelenika,,,oliver-zelenika,O. Zelenika,G,84,94218,HR,Croatia,EUR,737337600,34.0,32.0,2.0,,1.0,,3.0,6.0,90.0,48.0,7.7,2.0,7.7,7.7,,,1.0,,,,,,1.0,,,,,,,,,,,,,,away,main,1.0,,
18,18,D,False,Matija Kolarić,,,matija-kolaric,M. Kolarić,D,29,814440,HR,Croatia,EUR,829440000,40.0,32.0,3.0,2.0,4.0,,,,90.0,71.0,7.1,16.0,7.1,6.9,4.0,2.0,1.0,1.0,,2.0,2.0,,3.0,,1.0,,3.0,,,1.0,,1.0,,,1.0,,away,main,,,
26,26,D,False,Luka Jelenić,,,luka-jelenic,L. Jelenić,D,102,957630,HR,Croatia,EUR,959126400,63.0,57.0,5.0,2.0,2.0,,,,79.0,69.0,6.6,6.0,6.6,6.7,,,2.0,2.0,,,,,4.0,,,1.0,,1.0,1.0,,,,,,,,away,main,,,
4,4,D,False,Jorgo Pëllumbi,,,jorgo-pellumbi,J. Pëllumbi,D,60,856561,AL,Albania,EUR,963619200,69.0,58.0,8.0,3.0,3.0,,,,90.0,78.0,6.8,12.0,6.8,6.8,,,2.0,4.0,,2.0,1.0,,2.0,1.0,,2.0,,1.0,2.0,,,,,,,,away,main,,,
3,3,D,False,Karlo Bručić,,,karlo-brucic,K. Bručić,D,40,93735,HR,Croatia,EUR,703468800,15.0,12.0,,,3.0,,,,67.0,32.0,6.8,8.0,6.8,6.7,4.0,2.0,2.0,1.0,1.0,,,,1.0,,1.0,,2.0,,,,,,,,,,away,main,,,
22,22,M,False,Agon Elezi,,,agon-elezi,A. Elezi,M,70,995719,MK,North Macedonia,EUR,983404800,42.0,35.0,1.0,,2.0,1.0,,,90.0,52.0,6.7,11.0,6.7,6.6,1.0,,,4.0,1.0,1.0,,,2.0,,1.0,2.0,1.0,,1.0,,,,,,,,away,main,,,
8,8,M,False,Igor Postonjski,,,igor-postonjski,I. Postonjski,M,69,867035,HR,Croatia,EUR,791856000,44.0,35.0,7.0,2.0,4.0,2.0,,,67.0,59.0,6.5,14.0,6.5,6.5,4.0,2.0,,7.0,3.0,2.0,2.0,,1.0,2.0,,1.0,,1.0,,2.0,,1.0,,,,,away,main,,,
23,23,M,False,Marin Pilj,,,marin-pilj,M. Pilj,M,65,921764,HR,Croatia,EUR,849571200,19.0,19.0,,,2.0,2.0,,,45.0,22.0,6.7,,6.7,6.6,,,,1.0,,,,,,1.0,,1.0,,,,,,,,,,,away,main,,,
15,15,F,False,Lovro Banovec,,,lovro-banovec,L. Banovec,M,73,1050122,HR,Croatia,EUR,1004227200,6.0,3.0,1.0,,4.0,1.0,,,45.0,17.0,6.8,5.0,6.8,6.7,,,,4.0,1.0,1.0,1.0,1.0,,1.0,2.0,1.0,,,,2.0,,,1.0,,,,away,main,,,
7,7,F,False,Fran Brodić,,,fran-brodic,F. Brodić,F,163,283841,HR,Croatia,EUR,852681600,19.0,13.0,2.0,,7.0,2.0,,,90.0,36.0,7.8,10.0,7.8,7.6,,,1.0,5.0,,3.0,1.0,1.0,,1.0,3.0,2.0,1.0,1.0,,,,2.0,1.0,,,1.0,away,main,,1.0,
11,11,F,False,Michele Šego,,,michele-sego,M. Šego,F,192,880746,HR,Croatia,EUR,965433600,20.0,16.0,4.0,3.0,5.0,2.0,,,90.0,33.0,7.3,9.0,7.3,7.2,2.0,,1.0,1.0,,2.0,2.0,,,,,,,,,1.0,,1.0,2.0,,,,away,main,,,
17,17,M,True,Dimitar Mitrovski,,,dimitar-mitrovski,D. Mitrovski,M,32,952098,MK,North Macedonia,EUR,917481600,14.0,10.0,3.0,1.0,4.0,2.0,,,45.0,21.0,6.8,4.0,6.8,6.9,,,1.0,1.0,,,,1.0,,,1.0,,1.0,1.0,,,,1.0,,,,,away,substitute,,,
30,30,F,True,Ante Vukušić,,,ante-vukusic,A. Vukušić,F,165,55138,HR,Croatia,EUR,675993600,12.0,5.0,,,1.0,,,,45.0,16.0,6.6,8.0,6.6,6.6,,,1.0,1.0,,,,1.0,,,,,,,,1.0,,1.0,,,,,away,substitute,,,3.0
25,25,D,True,Antonio Boršić,,,antonio-borsic,A. Boršić,D,12,886849,HR,Croatia,EUR,811468800,12.0,11.0,1.0,1.0,1.0,1.0,,,23.0,16.0,7.6,3.0,7.6,7.5,,,,,,,,,,,,,2.0,,,,2.0,,,1.0,,,away,substitute,,,
19,19,M,True,Leon Belcar,,,leon-belcar,L. Belcar,M,42,1094067,HR,Croatia,EUR,1010102400,18.0,15.0,3.0,1.0,2.0,1.0,,,23.0,22.0,6.6,3.0,6.6,6.5,,,,2.0,1.0,1.0,1.0,,,,,,,1.0,,,,,,,,,away,substitute,,,
6,6,D,True,Ivan Nekić,,,ivan-nekic,I. Nekić,D,20,880741,HR,Croatia,EUR,977616000,15.0,14.0,2.0,1.0,,,,,11.0,18.0,7.2,1.0,7.2,7.2,,,,,,,,,,,,,,,3.0,,,,,,,,away,substitute,,,
12,12,G,True,Josip Silic,,,silic-josip,J. Silić,G,26,970506,HR,Croatia,EUR,945302400,,,,,,,,,,,,,,,,,,,,,,,,,,,,,,,,,,,,,away,substitute,,,
24,24,D,True,Martin Pajić,,,martin-pajic,M. Pajić,D,39,862119,HR,Croatia,EUR,942278400,,,,,,,,,,,,,,,,,,,,,,,,,,,,,,,,,,,,,away,substitute,,,
28,28,D,True,Luka Škaričić,,,luka-skaricic,L. Škaričić,D,114,964993,HR,Croatia,EUR,1012176000,,,,,,,,,,,,,,,,,,,,,,,,,,,,,,,,,,,,,away,substitute,,,
14,14,M,True,Karlo Lusavec,,,lusavec-karlo,K. Lusavec,M,60,1066122,HR,Croatia,EUR,1067472000,,,,,,,,,,,,,,,,,,,,,,,,,,,,,,,,,,,,,away,substitute,,,
13,13,M,True,Leonard Vuk,,,leonard-vuk,L. Vuk,F,20,851722,HR,Croatia,EUR,801187200,,,,,,,,,,,,,,,,,,,,,,,,,,,,,,,,,,,,,away,substitute,,,
16,16,F,True,Noa Vugrinec,,,noa-vugrinec,N. Vugrinec,F,36,1134292,HR,Croatia,EUR,1029196800,,,,,,,,,,,,,,,,,,,,,,,,,,,,,,,,,,,,,away,substitute,,,
29,29,F,True,Niko Domjanić,,,niko-domjanic,N. Domjanić,F,49,1144321,HR,Croatia,EUR,1045612800,,,,,,,,,,,,,,,,,,,,,,,,,,,,,,,,,,,,,away,substitute,,,
