shirtNumber,jerseyNumber,position,substitute,player.name,player.firstName,player.lastName,player.slug,player.shortName,player.position,player.userCount,player.id,player.country.alpha2,player.country.name,player.marketValueCurrency,player.dateOfBirthTimestamp,statistics.totalPass,statistics.accuratePass,statistics.totalLongBalls,statistics.accurateLongBalls,statistics.aerialWon,statistics.duelWon,statistics.totalClearance,statistics.errorLeadToAShot,statistics.punches,statistics.totalKeeperSweeper,statistics.accurateKeeperSweeper,statistics.minutesPlayed,statistics.touches,statistics.rating,statistics.possessionLostCtrl,statistics.ratingVersions.original,statistics.ratingVersions.alternative,statistics.totalCross,statistics.accurateCross,statistics.aerialLost,statistics.duelLost,statistics.dispossessed,statistics.totalContest,statistics.wonContest,statistics.bigChanceCreated,statistics.shotOffTarget,statistics.onTargetScoringAttempt,statistics.blockedScoringAttempt,statistics.interceptionWon,statistics.totalTackle,statistics.keyPass,statistics.challengeLost,statistics.wasFouled,statistics.fouls,captain,statistics.bigChanceMissed,statistics.totalOffside,statistics.hitWoodwork,team,player_type,statistics.goodHighClaim,statistics.savedShotsFromInsideTheBox,statistics.saves,statistics.outfielderBlock,statistics.goalAssist,statistics.goals
21,21,G,False,Victoria Esson,,,victoria-esson,V. Esson,G,19,985695,NZ,New Zealand,EUR,857606400.0,24.0,19.0,6.0,4.0,1.0,1.0,2.0,1.0,2.0,1.0,1.0,90.0,29.0,6.4,5.0,6.4,6.3,,,,,,,,,,,,,,,,,,,,,,home,main,,,,,,
4,4,D,False,Catherine Bott,,,catherine-bott,C. Bott,D,34,796544,NZ,New Zealand,EUR,798508800.0,64.0,40.0,7.0,2.0,2.0,5.0,3.0,,,,,90.0,108.0,7.3,38.0,7.3,7.2,7.0,1.0,1.0,5.0,3.0,2.0,1.0,2.0,1.0,1.0,1.0,1.0,2.0,2.0,,,,,,,,home,main,,,,,,
13,13,D,False,Rebekah Stott,,,rebekah-stott,R. Stott,M,16,242293,NZ,New Zealand,EUR,740275200.0,49.0,35.0,14.0,5.0,1.0,3.0,3.0,,,,,90.0,63.0,6.8,17.0,6.8,6.7,2.0,1.0,1.0,2.0,,2.0,2.0,,,,,,,2.0,1.0,1.0,,,,,,home,main,,,,,,
14,14,D,False,Katie Bowen,,,katie-bowen,K. Bowen,D,32,131809,NZ,New Zealand,EUR,766368000.0,78.0,64.0,18.0,11.0,3.0,6.0,4.0,,,,,90.0,91.0,7.4,16.0,7.4,7.4,,,,,,2.0,2.0,,1.0,,,,,2.0,,1.0,,,,,,home,main,,,,,,
7,7,D,False,Ali Riley,,,ali-riley,A. Riley,D,35,29142,NZ,New Zealand,EUR,562550400.0,89.0,61.0,14.0,2.0,4.0,6.0,,,,,,90.0,121.0,6.7,42.0,6.7,6.7,6.0,1.0,3.0,3.0,,,,,,,,1.0,1.0,,,1.0,,,,,,home,main,,,,,,
20,20,M,False,Indiah-Paige Riley,,,indiah-paige-riley,I. Riley,M,46,1009447,NZ,New Zealand,EUR,977270400.0,19.0,17.0,,,,2.0,,,,,,45.0,31.0,6.7,7.0,6.7,6.6,3.0,,1.0,4.0,,2.0,1.0,,1.0,,,,1.0,,,,2.0,,,,,home,main,,,,,,
6,6,M,False,Malia Steinmetz,Malia Steinmetz,,steinmetz-malia,M. Steinmetz,M,29,1096340,NZ,New Zealand,EUR,916617600.0,38.0,20.0,6.0,2.0,2.0,9.0,,,,,,90.0,54.0,6.8,23.0,6.8,6.9,,,2.0,6.0,3.0,2.0,2.0,,,,1.0,,4.0,1.0,1.0,1.0,,,,,,home,main,,,,,,
2,2,M,False,Ria Percival,,,ria-percival,R. Percival,D,31,29126,NZ,New Zealand,EUR,628992000.0,42.0,33.0,6.0,3.0,3.0,7.0,1.0,,,,,84.0,60.0,7.3,14.0,7.3,7.4,4.0,1.0,1.0,3.0,,,,,1.0,1.0,,1.0,3.0,1.0,,1.0,2.0,True,,,,home,main,,,,,,
12,12,M,False,Betsy Hassett,,,betsy-hassett,B. Hassett,M,8,121376,NZ,New Zealand,EUR,649728000.0,23.0,19.0,2.0,1.0,1.0,3.0,1.0,,,,,45.0,30.0,6.8,7.0,6.8,6.7,2.0,,1.0,2.0,,1.0,1.0,,,,1.0,,1.0,1.0,1.0,,,,,,,home,main,,,,,,
17,17,F,False,Hannah Wilkinson,,,hannah-wilkinson,H. Wilkinson,F,102,121374,NZ,New Zealand,EUR,707011200.0,20.0,13.0,2.0,1.0,5.0,6.0,,,,,,90.0,35.0,6.6,13.0,6.6,6.4,,,9.0,13.0,,1.0,,,3.0,1.0,,,1.0,,,,3.0,,1.0,2.0,,home,main,,,,,,
16,16,F,False,Jacqui Hand,,,hand-jacqui,J. Hand,F,34,1154468,NZ,New Zealand,EUR,919382400.0,37.0,28.0,3.0,1.0,,5.0,1.0,,,,,90.0,68.0,6.9,20.0,6.9,6.6,3.0,,3.0,9.0,3.0,5.0,2.0,,1.0,,,1.0,2.0,,,1.0,,,,,1.0,home,main,,,,,,
10,10,M,True,Annalie Longo,,,annalie-longo,A. Longo,M,4,29139,NZ,New Zealand,EUR,678326400.0,26.0,21.0,3.0,1.0,1.0,2.0,,,,,,45.0,33.0,6.7,8.0,6.7,6.6,,,,2.0,1.0,,,,,,,1.0,1.0,,1.0,,1.0,,,,,home,substitute,,,,,,
11,11,M,True,Olivia Chance,,,olivia-chance,O. Chance,M,26,985696,NZ,New Zealand,EUR,749779200.0,17.0,14.0,3.0,2.0,,1.0,1.0,,,,,45.0,31.0,7.2,11.0,7.2,7.1,8.0,1.0,,2.0,1.0,1.0,1.0,,1.0,,,,,2.0,,,1.0,,,,,home,substitute,,,,,,
18,18,F,True,Grace Jale,Grace Jale,,jale-grace,G. Jale,M,13,1159570,NZ,New Zealand,EUR,923702400.0,3.0,3.0,,,1.0,1.0,,,,,,12.0,7.0,6.3,1.0,6.3,6.3,1.0,1.0,,,,,,,,1.0,,,,,,,,,1.0,,,home,substitute,,,,,,
1,1,G,True,Erin Nayler,,,erin-nayler,E. Nayler,G,19,121387,NZ,New Zealand,EUR,703468800.0,,,,,,,,,,,,,,,,,,,,,,,,,,,,,,,,,,,,,,,home,substitute,,,,,,
23,23,G,True,Anna Leat,,,anna-leat,A. Leat,G,22,1022544,NZ,New Zealand,EUR,993513600.0,,,,,,,,,,,,,,,,,,,,,,,,,,,,,,,,,,,,,,,home,substitute,,,,,,
19,19,D,True,Elizabeth Anton,Elizabeth Anton,,elizabeth-anton,E. Anton,D,13,1096412,NZ,New Zealand,EUR,913420800.0,,,,,,,,,,,,,,,,,,,,,,,,,,,,,,,,,,,,,,,home,substitute,,,,,,
3,3,D,True,Claudia Bunge,,,claudia-bunge,C. Bunge,D,8,1004568,NZ,New Zealand,EUR,937872000.0,,,,,,,,,,,,,,,,,,,,,,,,,,,,,,,,,,,,,,,home,substitute,,,,,,
8,8,M,True,Daisy Cleverley,,,daisy-cleverley,D. Cleverley,M,7,796545,NZ,New Zealand,EUR,862358400.0,,,,,,,,,,,,,,,,,,,,,,,,,,,,,,,,,,,,,,,home,substitute,,,,,,
15,15,F,True,Paige Satchell,,,paige-satchell,P. Satchell,M,17,985694,NZ,New Zealand,EUR,892425600.0,,,,,,,,,,,,,,,,,,,,,,,,,,,,,,,,,,,,,,,home,substitute,,,,,,
9,9,F,True,Gabi Rennie,,,rennie-gabi,G. Rennie,F,22,1130450,NZ,New Zealand,EUR,994464000.0,,,,,,,,,,,,,,,,,,,,,,,,,,,,,,,,,,,,,,,home,substitute,,,,,,
22,22,F,True,Emily Clegg,,,emily-clegg,E. Clegg,F,10,1416695,NZ,New Zealand,EUR,1130803200.0,,,,,,,,,,,,,,,,,,,,,,,,,,,,,,,,,,,,,,,home,substitute,,,,,,
1,1,G,False,Olivia Davies McDaniel,,,davies-mcdaniel-olivia,O. D. McDaniel,G,26,1174045,PH,Philippines,EUR,876787200.0,38.0,11.0,37.0,10.0,,1.0,3.0,,2.0,1.0,1.0,90.0,47.0,7.5,27.0,7.5,7.9,,,2.0,2.0,,,,,,,,,,,,1.0,,,,,,away,main,1.0,2.0,4.0,,,
5,5,D,False,Hali Long,,,long-hali,H. Long,D,10,1174048,PH,Philippines,EUR,790646400.0,19.0,11.0,2.0,,5.0,6.0,7.0,,,,,90.0,30.0,7.0,9.0,7.0,7.0,,,1.0,2.0,1.0,,,,,,,1.0,,,,1.0,,True,,,,away,main,,,,,,
3,3,D,False,Jessika Cowart,,,jessika-cowart,J. Cowart,D,4,1390655,PH,Philippines,EUR,,20.0,12.0,5.0,4.0,3.0,4.0,2.0,,,,,83.0,34.0,6.9,10.0,6.9,6.7,,,3.0,6.0,,1.0,,,,,,1.0,1.0,1.0,1.0,,1.0,,,,,away,main,,,,,,
13,13,D,False,Angela Beard,,,angela-beard,A. Beard,D,15,1010475,PH,Philippines,EUR,871689600.0,11.0,5.0,4.0,,1.0,2.0,7.0,,,,,90.0,20.0,6.7,7.0,6.7,6.7,1.0,,2.0,4.0,,,,,,,,,1.0,,1.0,,1.0,,,,,away,main,,,,,,
17,17,M,False,Alicia Barker,,,alicia-barker,A. Barker,D,6,1470426,PH,Philippines,EUR,895795200.0,18.0,9.0,3.0,,1.0,2.0,4.0,,,,,70.0,49.0,6.7,20.0,6.7,6.7,1.0,,1.0,2.0,1.0,,,,,,,3.0,1.0,,,,,,,,,away,main,,,,,,
20,20,M,False,Quinley Quezada,,,quinley-quezada,Q. Quezada,M,10,1174052,PH,Philippines,EUR,860371200.0,20.0,9.0,3.0,1.0,,2.0,,,,,,70.0,33.0,6.5,15.0,6.5,6.4,,,2.0,5.0,,2.0,1.0,,,,,2.0,,,1.0,1.0,1.0,,,,,away,main,,,,,,
4,4,M,False,Jaclyn Sawicki,,,jaclyn-sawicki,J. Sawicki,M,13,1426943,PH,Philippines,EUR,721699200.0,34.0,23.0,3.0,1.0,1.0,5.0,3.0,,,,,90.0,51.0,6.7,17.0,6.7,6.7,,,,5.0,1.0,3.0,1.0,,,,,1.0,2.0,,2.0,1.0,,,,,,away,main,,,,1.0,,
8,8,M,False,Sara Kristine Eggesvik,,,eggesvik-sara-kristine,S. K. Eggesvik,M,16,912760,PH,Philippines,EUR,862272000.0,12.0,5.0,2.0,,1.0,8.0,1.0,,,,,64.0,34.0,7.5,13.0,7.5,7.5,2.0,1.0,1.0,4.0,1.0,1.0,1.0,1.0,,,,1.0,4.0,1.0,2.0,2.0,1.0,,,,,away,main,,,,1.0,1.0,
16,16,M,False,Sofia Harrison,,,harrison-sofia,S. Harrison,D,5,1174047,PH,Philippines,EUR,919123200.0,21.0,11.0,2.0,,3.0,8.0,1.0,,,,,90.0,54.0,7.1,21.0,7.1,7.0,1.0,,1.0,4.0,2.0,1.0,,,,,,3.0,4.0,,,1.0,,,,,,away,main,,,,,,
7,7,F,False,Sarina Bolden,,,bolden-sarina,S. Bolden,F,37,1174658,PH,Philippines,EUR,836092800.0,14.0,6.0,1.0,,3.0,5.0,1.0,,,,,83.0,29.0,6.9,14.0,6.9,6.9,,,7.0,15.0,3.0,2.0,1.0,,,1.0,,2.0,,,3.0,1.0,2.0,,,,,away,main,,,,,,1.0
21,21,F,False,Katrina Guillou,,,katrina-guillou,K. Guillou,M,16,1126721,PH,Philippines,EUR,755740800.0,18.0,8.0,3.0,,2.0,5.0,,,,,,90.0,35.0,6.9,16.0,6.9,6.8,,,2.0,3.0,,,,,2.0,,,3.0,3.0,,,,1.0,,,,,away,main,,,,,,
9,9,F,True,Isabella Flanigan,,,flanigan-isabella,I. Flanigan,D,11,1174058,,,EUR,,5.0,3.0,,,,1.0,,,,,,26.0,10.0,6.7,4.0,6.7,6.6,,,1.0,1.0,,,,,,,,1.0,1.0,,,,,,,,,away,substitute,,,,,,
19,19,D,True,Dominique Randle,,,dominique-randle,D. Randle,D,6,1174046,PH,Philippines,EUR,787017600.0,7.0,2.0,,,,,1.0,,,,,20.0,14.0,6.5,11.0,6.5,6.5,,,,,,,,,,,,,,,,,,,,,,away,substitute,,,,,,
6,6,M,True,Tahnai Annis,,,annis-tahnai,T. Annis,M,6,1174043,,,EUR,,10.0,5.0,1.0,,1.0,1.0,,,,,,20.0,12.0,6.4,6.0,6.4,6.3,,,1.0,2.0,1.0,,,,,,,,,,,,1.0,,,,,away,substitute,,,,,,
15,15,F,True,Carleigh Frilles,,,frilles-carleigh,C. Frilles,M,12,1174060,PH,Philippines,EUR,1018483200.0,3.0,1.0,,,,,,,,,,13.0,5.0,6.6,2.0,6.6,6.6,,,,2.0,,,,,1.0,,,1.0,,1.0,2.0,,,,,1.0,,away,substitute,,,,,,
12,12,D,True,Ryley Bugay,,,bugay-ryley,R. Bugay,M,6,1174044,PH,Philippines,EUR,822355200.0,2.0,,1.0,,1.0,1.0,,,,,,13.0,3.0,6.5,2.0,6.5,6.5,,,,,,,,,,,,,,,,,,,,,,away,substitute,,,,,,
22,22,G,True,Kiara Fontanilla,,,fontanilla-kiara,K. Fontanilla,G,5,1174059,PH,Philippines,EUR,962409600.0,,,,,,,,,,,,,,,,,,,,,,,,,,,,,,,,,,,,,,,away,substitute,,,,,,
18,18,G,True,Kaiya Rose Jota,,,kaiya-rose-jota,K. R. Jota,G,6,1415963,PH,Philippines,EUR,1139184000.0,,,,,,,,,,,,,,,,,,,,,,,,,,,,,,,,,,,,,,,away,substitute,,,,,,
2,2,M,True,Malea Cesar,,,cesar-malea,M. Cesar,D,10,1174057,PH,Philippines,EUR,1070928000.0,,,,,,,,,,,,,,,,,,,,,,,,,,,,,,,,,,,,,,,away,substitute,,,,,,
23,23,D,True,Reina Bonta,,,reina-bonta,R. Bonta,D,15,1403426,PH,Philippines,EUR,924307200.0,,,,,,,,,,,,,,,,,,,,,,,,,,,,,,,,,,,,,,,away,substitute,,,,,,
11,11,M,True,Anicka Castaneda,,,castaneda-anicka,A. Castaneda,M,5,1174055,,,EUR,,,,,,,,,,,,,,,,,,,,,,,,,,,,,,,,,,,,,,,,away,substitute,,,,,,
10,10,F,True,Chandler McDaniel,,,mcdaniel-chandler,C. McDaniel,F,10,1174050,PH,Philippines,EUR,886550400.0,,,,,,,,,,,,,,,,,,,,,,,,,,,,,,,,,,,,,,,away,substitute,,,,,,
14,14,M,True,Meryll Serrano,,,meryll-serrano,M. Serrano,F,5,1046641,PH,Philippines,EUR,869356800.0,,,,,,,,,,,,,,,,,,,,,,,,,,,,,,,,,,,,,,,away,substitute,,,,,,
