shirtNumber,jerseyNumber,position,substitute,captain,player.name,player.slug,player.shortName,player.position,player.userCount,player.id,player.country.alpha2,player.country.name,player.marketValueCurrency,player.dateOfBirthTimestamp,statistics.totalPass,statistics.accuratePass,statistics.totalLongBalls,statistics.accurateLongBalls,statistics.totalClearance,statistics.savedShotsFromInsideTheBox,statistics.saves,statistics.punches,statistics.minutesPlayed,statistics.touches,statistics.rating,statistics.possessionLostCtrl,statistics.ratingVersions.original,statistics.ratingVersions.alternative,statistics.totalCross,statistics.accurateCross,statistics.duelLost,statistics.duelWon,statistics.challengeLost,statistics.dispossessed,statistics.totalContest,statistics.wonContest,statistics.bigChanceCreated,statistics.interceptionWon,statistics.totalTackle,statistics.wasFouled,statistics.totalOffside,statistics.keyPass,statistics.aerialWon,statistics.outfielderBlock,statistics.fouls,statistics.penaltyWon,statistics.aerialLost,player.firstName,player.lastName,statistics.shotOffTarget,statistics.blockedScoringAttempt,statistics.goalAssist,statistics.bigChanceMissed,statistics.onTargetScoringAttempt,statistics.goals,team,player_type,statistics.goodHighClaim,statistics.penaltyConceded
1,1,G,False,True,Alex Muralha,alex-muralha,A. Santana,G,152,340113,BR,Brazil,EUR,626659200,23.0,19.0,12.0,8.0,2.0,1.0,1.0,1.0,90.0,26.0,7.2,4.0,7.2,7.2,,,,,,,,,,,,,,,,,,,,,,,,,,,,home,main,,
2,2,D,False,,Lucas Ramon,lucas-ramon,L. Ramon,D,30,797225,BR,Brazil,EUR,762998400,34.0,27.0,3.0,1.0,3.0,,,,90.0,67.0,7.9,13.0,7.9,8.1,4.0,1.0,3.0,6.0,2.0,1.0,2.0,2.0,1.0,5.0,3.0,1.0,2.0,2.0,,,,,,,,,,,,,,home,main,,
3,3,D,False,,Thalisson Kelven,thalisson-kelven,T. Kelven,D,39,863277,BR,Brazil,EUR,894499200,57.0,49.0,7.0,4.0,3.0,,,,90.0,65.0,7.4,8.0,7.4,7.7,,,2.0,2.0,,,,,,2.0,,1.0,,,1.0,1.0,2.0,1.0,,,,,,,,,,home,main,,
4,4,D,False,,Luiz Otávio,luiz-otavio,L. Otávio,D,76,874778,BR,Brazil,EUR,718588800,55.0,45.0,13.0,7.0,7.0,,,,90.0,65.0,7.2,10.0,7.2,7.2,,,3.0,2.0,,,1.0,1.0,,2.0,,,,,1.0,,,,3.0,,,,,,,,,home,main,,
6,6,D,False,,Guilherme Biro,guilherme-biro,Guilherme Biro,D,59,1047850,BR,Brazil,EUR,957139200,51.0,42.0,4.0,3.0,2.0,,,,90.0,84.0,7.7,14.0,7.7,7.8,2.0,1.0,2.0,9.0,,1.0,2.0,2.0,,1.0,3.0,1.0,,1.0,3.0,,,,1.0,Guilherme Biro,,1.0,,,,,,home,main,,
10,10,M,False,,Gabriel,gabriel,Gabriel,M,141,243459,BR,Brazil,EUR,631584000,28.0,21.0,6.0,4.0,,,,,69.0,37.0,7.2,11.0,7.2,7.3,1.0,1.0,1.0,3.0,,,1.0,1.0,1.0,,,1.0,,2.0,1.0,,,,1.0,,,1.0,,,,,,home,main,,
5,5,M,False,,Yuri,yuri,Yuri,M,100,842734,BR,Brazil,EUR,776044800,47.0,42.0,4.0,2.0,1.0,,,,58.0,57.0,7.1,6.0,7.1,7.1,,,3.0,2.0,,,,,,1.0,2.0,,,,,2.0,2.0,,1.0,,,1.0,1.0,,,,,home,main,,
11,11,M,False,,Negueba,negueba,Negueba,F,64,872007,BR,Brazil,EUR,944179200,29.0,23.0,,,,,,,81.0,52.0,7.1,11.0,7.1,7.4,,,4.0,9.0,1.0,1.0,2.0,2.0,,3.0,4.0,,,1.0,3.0,,1.0,,1.0,,,4.0,,1.0,2.0,,,home,main,,
8,8,M,False,,Danielzinho,danielzinho,Danielzinho,M,37,356514,BR,Brazil,EUR,783907200,42.0,37.0,5.0,4.0,,,,,90.0,63.0,7.3,15.0,7.3,7.5,4.0,,5.0,4.0,1.0,1.0,1.0,,,,2.0,2.0,1.0,1.0,,2.0,2.0,,1.0,,,,1.0,,,,,home,main,,
7,7,M,False,,Chico,chico,Chico,M,163,880132,KR,South Korea,EUR,674352000,42.0,31.0,3.0,1.0,,,,,81.0,64.0,7.0,24.0,7.0,7.4,3.0,,7.0,2.0,1.0,4.0,2.0,2.0,,1.0,,,,1.0,,,2.0,,,,,,,,,2.0,1.0,home,main,,
9,9,F,False,,Zé Roberto,ze-roberto,Z. Roberto,F,174,842076,BR,Brazil,EUR,747964800,22.0,14.0,,,,,,,69.0,38.0,7.2,17.0,7.2,7.3,,,4.0,7.0,,2.0,2.0,1.0,,,,1.0,,2.0,5.0,,,,1.0,,,,,,,1.0,1.0,home,main,,
15,15,M,True,,Flávio,flavio,Flávio,M,32,981813,BR,Brazil,EUR,961027200,14.0,13.0,,,3.0,,,,32.0,19.0,6.6,2.0,6.6,6.7,,,1.0,1.0,1.0,,,,,,1.0,,,,,,,,,,,,,,,,,home,substitute,,
21,21,M,True,,Cristian Renato,cristian-renato,C. Renato,M,9,1148306,BR,Brazil,EUR,950832000,7.0,3.0,,,,,,,21.0,9.0,6.5,6.0,6.5,6.5,,,2.0,3.0,,,,,,,,,,,3.0,,1.0,,1.0,,,,,,,,,home,substitute,,
17,17,F,True,,Fernandinho,fernandinho,Fernandinho,F,73,871219,BR,Brazil,EUR,869270400,5.0,3.0,1.0,,1.0,,,,21.0,13.0,6.5,5.0,6.5,6.5,,,2.0,1.0,,2.0,,,,,1.0,,,,,,,,,,,,,,,,,home,substitute,,
20,20,M,True,,Camilo,camilo,Camilo,M,92,345609,BR,Brazil,EUR,510710400,2.0,2.0,1.0,1.0,,,,,9.0,7.0,6.6,3.0,6.6,6.7,2.0,,1.0,2.0,,1.0,,,,,1.0,1.0,,,,,,,,,,,,,,,,home,substitute,,
18,18,F,True,,Julimar,julimar,Julimar,F,26,1167536,BR,Brazil,EUR,980380800,1.0,1.0,,,,,,,9.0,2.0,6.5,1.0,6.5,6.5,1.0,,1.0,,,,,,,,,,,,,,1.0,,,,,,,,,,,home,substitute,,
12,12,G,True,,César,cesar,César,G,82,870904,BR,Brazil,EUR,792892800,,,,,,,,,,,,,,,,,,,,,,,,,,,,,,,,,,,,,,,,,,home,substitute,,
25,25,G,True,,Darley,darley,Darley,G,24,40940,BR,Brazil,EUR,629683200,,,,,,,,,,,,,,,,,,,,,,,,,,,,,,,,,,,,,,,,,,home,substitute,,
14,14,D,True,,Rodrigo Sam,rodrigo-sam,R. Sam,D,21,794640,BR,Brazil,EUR,806544000,,,,,,,,,,,,,,,,,,,,,,,,,,,,,,,,,,,,,,,,,,home,substitute,,
13,13,D,True,,Renie,renie,Renie,D,21,124739,BR,Brazil,EUR,608169600,,,,,,,,,,,,,,,,,,,,,,,,,,,,,,,,,,,,,,,,,,home,substitute,,
16,16,D,True,,Ilson Cédric,ilson-cedric,I. Cédric,D,19,875230,BR,Brazil,EUR,887414400,,,,,,,,,,,,,,,,,,,,,,,,,,,,,,,,,,,,,,,,,,home,substitute,,
19,19,M,True,,Reinaldo Kauan,reinaldo-kauan,R. Kauan,M,30,1046538,BR,Brazil,EUR,1029974400,,,,,,,,,,,,,,,,,,,,,,,,,,,,,,,,,,Kauan,,,,,,,,home,substitute,,
22,22,F,True,,Vico,vico,Vico,M,39,913587,BR,Brazil,EUR,849571200,,,,,,,,,,,,,,,,,,,,,,,,,,,,,,,,,,,,,,,,,,home,substitute,,
1,1,G,False,,Felipe Garcia,felipe-garcia,F. Garcia,G,23,34060,BR,Brazil,EUR,568771200,22.0,14.0,15.0,7.0,1.0,,1.0,,90.0,30.0,6.1,8.0,6.1,6.5,,,,,,,,,,,,,,,,,,,,,,,,,,,,away,main,1.0,
2,2,D,False,,Pedro,pedro,Pedro,D,13,868018,BR,Brazil,EUR,745545600,29.0,20.0,6.0,3.0,,,,,71.0,51.0,6.3,14.0,6.3,6.5,,,6.0,3.0,3.0,1.0,,,,3.0,3.0,,,1.0,,,,,2.0,,,1.0,,,,,,away,main,,
3,3,D,False,,Augusto,augusto,Augusto,D,40,826355,BR,Brazil,EUR,861148800,48.0,40.0,11.0,5.0,4.0,,,,90.0,67.0,6.8,10.0,6.8,6.9,,,4.0,4.0,1.0,1.0,1.0,1.0,,4.0,1.0,1.0,,,1.0,,1.0,,1.0,,,1.0,,,,,,away,main,,
4,4,D,False,,Ze Vitor,ze-vitor,Zé Vitor,D,29,1112474,BR,Brazil,EUR,981676800,55.0,46.0,11.0,7.0,10.0,,,,90.0,69.0,6.7,10.0,6.7,6.7,,,5.0,3.0,,,,,,,2.0,,,1.0,1.0,,1.0,,4.0,,,,1.0,,,,,away,main,,
6,6,D,False,,Egídio,egidio,Egídio,D,182,34147,BR,Brazil,EUR,519264000,38.0,32.0,2.0,2.0,,,,,90.0,57.0,6.3,12.0,6.3,6.4,5.0,,2.0,1.0,1.0,1.0,1.0,1.0,,2.0,,,,,,,,,,,,,,,,,,away,main,,
5,5,M,False,True,Bruno Silva,bruno-silva,B. Silva,M,89,125235,BR,Brazil,EUR,523411200,42.0,36.0,5.0,4.0,5.0,,,,90.0,58.0,6.7,8.0,6.7,6.7,,,7.0,7.0,1.0,2.0,,,,2.0,4.0,2.0,,,1.0,,2.0,,2.0,,,,,,,,,away,main,,
8,8,M,False,,João Pedro,joao-pedro,J. Pedro,M,40,1104713,BR,Brazil,EUR,936316800,31.0,25.0,2.0,2.0,,,,,89.0,47.0,6.0,12.0,6.0,6.2,,,9.0,2.0,2.0,2.0,,,,3.0,2.0,,,,,,3.0,,2.0,,,,,,,,,away,main,,1.0
11,11,M,False,,Marcelinho,marcelinho,Marcelinho,F,98,1046439,BR,Brazil,EUR,1039564800,10.0,6.0,2.0,1.0,1.0,,,,45.0,24.0,5.9,10.0,5.9,6.0,,,4.0,1.0,,1.0,2.0,,,,,1.0,,,,,1.0,,,Marcelinho,,1.0,2.0,,,,,away,main,,
10,10,M,False,,Matheus Frizzo,matheus-frizzo,M. Frizzo,M,97,1005337,BR,Brazil,EUR,901238400,34.0,28.0,2.0,2.0,1.0,,,,90.0,66.0,7.6,17.0,7.6,7.7,9.0,3.0,4.0,8.0,1.0,,3.0,2.0,,3.0,1.0,3.0,,4.0,2.0,1.0,,,2.0,,,1.0,1.0,,,,,away,main,,
7,7,M,False,,Keké,keke,Keké,M,28,866785,BR,Brazil,EUR,813369600,1.0,,,,,,,,22.0,4.0,6.6,1.0,6.6,6.7,,,,1.0,,,,,,,,,,,1.0,1.0,,,,,,,,,,,,away,main,,
9,9,F,False,,Fernandão,fernandao,Fernandão,F,152,329251,BR,Brazil,EUR,543801600,15.0,10.0,1.0,1.0,,,,,45.0,15.0,6.6,5.0,6.6,6.6,,,1.0,2.0,,,,,,,,,,,2.0,,,,1.0,,,,,,,,,away,main,,
20,20,F,True,,Alexandre Jesus,alexandre-jesus,Alexandre Jesus,F,62,1016865,BR,Brazil,EUR,1000598400,13.0,10.0,1.0,1.0,,,,,68.0,25.0,6.9,8.0,6.9,6.8,3.0,1.0,4.0,3.0,1.0,2.0,,,,1.0,1.0,1.0,,1.0,1.0,,,,1.0,,,1.0,1.0,,,1.0,,away,substitute,,
19,19,F,True,,Kleiton,kleiton,Kleiton,D,5,1046696,BR,Brazil,EUR,924825600,5.0,5.0,1.0,1.0,,,,,45.0,12.0,7.0,2.0,7.0,7.0,1.0,1.0,3.0,3.0,1.0,1.0,1.0,1.0,,,,1.0,1.0,2.0,1.0,,,,1.0,,,2.0,,,,,,away,substitute,,
18,18,F,True,,Rafinha,rafinha,Rafinha,F,4,1510236,BR,Brazil,EUR,950486400,8.0,5.0,,,,,,,45.0,12.0,6.4,5.0,6.4,6.4,,,2.0,1.0,,,3.0,1.0,,,,,,,,,1.0,,,Rafinha,,,,,,,,away,substitute,,
13,13,D,True,,Kevin,kevin,Kevin,D,116,810691,BR,Brazil,EUR,873590400,18.0,10.0,5.0,1.0,1.0,,,,19.0,29.0,6.6,11.0,6.6,6.8,,,2.0,2.0,,,1.0,,,1.0,1.0,1.0,,,,,,,1.0,,,,,,,,,away,substitute,,
17,17,F,True,,Jaderson,jaderson,Jaderson,M,28,869639,BR,Brazil,EUR,966038400,,,,,,,,,1.0,,,,,,,,,,,,,,,,,,,,,,,,,,,,,,,,,away,substitute,,
12,12,G,True,,Leo Lang,leo-lang,L. Lang,G,10,931516,BR,Brazil,EUR,933811200,,,,,,,,,,,,,,,,,,,,,,,,,,,,,,,,,,,,,,,,,,away,substitute,,
16,16,D,True,,Emerson,emerson,Emerson,D,9,914475,BR,Brazil,EUR,903398400,,,,,,,,,,,,,,,,,,,,,,,,,,,,,,,,,,,,,,,,,,away,substitute,,
15,15,D,True,,Guilherme Santos,guilherme-santos,Guilherme Santos,D,19,32152,BR,Brazil,EUR,571017600,,,,,,,,,,,,,,,,,,,,,,,,,,,,,,,,,,,,,,,,,,away,substitute,,
14,14,D,True,,Luis Felipe,luis-felipe,Luis Felipe,D,61,1049019,BR,Brazil,EUR,990057600,,,,,,,,,,,,,,,,,,,,,,,,,,,,,,,,,,,,,,,,,,away,substitute,,
22,22,M,True,,Djalma Celestino Evaristo,djalma-celestino-evaristo,D. C. Evaristo,M,7,1125370,BR,Brazil,EUR,962236800,,,,,,,,,,,,,,,,,,,,,,,,,,,,,,,,,,,,,,,,,,away,substitute,,
21,21,F,True,,Ruan Potó,ruan-poto,R. Potó,F,32,981637,BR,Brazil,EUR,916790400,,,,,,,,,,,,,,,,,,,,,,,,,,,,,,,,,,,,,,,,,,away,substitute,,
