shirtNumber,jerseyNumber,position,substitute,captain,player.name,player.firstName,player.lastName,player.slug,player.shortName,player.position,player.userCount,player.id,player.country.alpha2,player.country.name,player.marketValueCurrency,player.dateOfBirthTimestamp,statistics.totalPass,statistics.accuratePass,statistics.totalLongBalls,statistics.accurateLongBalls,statistics.totalClearance,statistics.saves,statistics.punches,statistics.minutesPlayed,statistics.touches,statistics.rating,statistics.possessionLostCtrl,statistics.expectedGoals,statistics.ratingVersions.original,statistics.ratingVersions.alternative,statistics.goalsPrevented,statistics.totalCross,statistics.accurateCross,statistics.aerialLost,statistics.aerialWon,statistics.duelLost,statistics.duelWon,statistics.challengeLost,statistics.dispossessed,statistics.totalContest,statistics.wonContest,statistics.bigChanceCreated,statistics.shotOffTarget,statistics.interceptionWon,statistics.totalTackle,statistics.wasFouled,statistics.fouls,statistics.keyPass,statistics.expectedAssists,statistics.outfielderBlock,statistics.onTargetScoringAttempt,statistics.blockedScoringAttempt,statistics.bigChanceMissed,statistics.totalOffside,team,player_type,statistics.goodHighClaim,statistics.savedShotsFromInsideTheBox,statistics.goalAssist,statistics.goals
1,1,G,False,True,Rafael Cabral,,,rafael-cabral,Rafael Cabral,G,348,124980,BR,Brazil,EUR,643161600,12.0,12.0,2.0,2.0,1.0,1.0,1.0,90.0,16.0,6.3,1.0,0.0,6.3,6.4,-0.8383,,,,,,,,,,,,,,,,,,,,,,,,home,main,,,,
12,12,D,False,,William,,,william,William,D,260,604274,BR,Brazil,EUR,796867200,57.0,37.0,12.0,5.0,2.0,,,90.0,100.0,6.9,39.0,0.0317,6.9,7.0,,10.0,2.0,1.0,2.0,7.0,7.0,1.0,1.0,5.0,2.0,1.0,1.0,1.0,1.0,2.0,1.0,1.0,0.275468,,,,,,home,main,,,,
6,6,D,False,,Lucas Oliveira,,,lucas-oliveira,Lucas Oliveira,D,200,867907,BR,Brazil,EUR,823219200,32.0,26.0,6.0,3.0,2.0,,,45.0,43.0,6.8,9.0,0.0,6.8,6.8,,,,,3.0,1.0,6.0,,1.0,,,,,,1.0,2.0,,,,1.0,,,,,home,main,,,,
4,4,D,False,,Luciano Castan,,,luciano-castan,Luciano Castan,D,131,845110,BR,Brazil,EUR,621648000,93.0,79.0,11.0,6.0,5.0,,,90.0,102.0,6.9,15.0,0.0232,6.9,7.1,,,,2.0,6.0,5.0,7.0,,1.0,,,,,,,1.0,2.0,,0.0174942,,1.0,,,,home,main,,,,
3,3,D,False,,Marlon,,,marlon,Marlon,D,409,870787,BR,Brazil,EUR,864086400,74.0,66.0,8.0,7.0,,,,90.0,102.0,7.7,14.0,0.0316,7.7,7.8,,8.0,2.0,2.0,2.0,3.0,7.0,,,1.0,1.0,,,1.0,3.0,1.0,1.0,2.0,0.157762,,,1.0,,,home,main,,,,
18,18,M,False,,Matheus Jussa,,,matheus-jussa,Matheus Jussa,M,114,794849,BR,Brazil,EUR,827452800,53.0,47.0,3.0,2.0,1.0,,,70.0,63.0,7.1,6.0,0.0241,7.1,7.1,,,,5.0,2.0,5.0,7.0,,,,,,,,5.0,,,1.0,0.0267216,,,1.0,,,home,main,,,,
11,11,M,False,,Wesley,,,wesley,Wesley,F,726,985766,BR,Brazil,EUR,922752000,28.0,21.0,2.0,,,,,70.0,51.0,7.4,13.0,0.0401,7.4,7.7,,3.0,,1.0,2.0,3.0,12.0,,1.0,2.0,2.0,,1.0,3.0,4.0,4.0,1.0,,0.0423653,,,,,,home,main,,,,
23,23,M,False,,Filipe Machado,,,filipe-machado,Filipe Machado,M,224,844601,BR,Brazil,EUR,822096000,68.0,57.0,10.0,5.0,3.0,,,90.0,83.0,6.6,15.0,0.5557,6.6,6.7,,4.0,,3.0,1.0,4.0,5.0,,,1.0,1.0,,1.0,,1.0,2.0,1.0,,0.0169266,,,,1.0,,home,main,,,,
7,7,M,False,,Mateus Vital,,,mateus-vital,Mateus Vital,M,720,823653,BR,Brazil,EUR,887241600,48.0,42.0,1.0,1.0,,,,87.0,62.0,6.9,12.0,0.1161,6.9,7.2,,5.0,1.0,1.0,,3.0,3.0,1.0,,4.0,3.0,,,,,,,3.0,0.193451,,,2.0,,,home,main,,,,
9,9,M,False,,Bruno Rodrigues,,,bruno-rodrigues,Bruno Rodrigues,F,736,817650,BR,Brazil,EUR,857692800,39.0,30.0,1.0,,,,,90.0,71.0,6.8,26.0,0.0281,6.8,7.2,,8.0,1.0,2.0,1.0,7.0,8.0,,3.0,4.0,2.0,,1.0,,2.0,3.0,,3.0,0.187128,,,1.0,,1.0,home,main,,,,
21,21,F,False,,Gilberto,,,gilberto,Gilberto,F,890,158561,BR,Brazil,EUR,613008000,10.0,9.0,,,,,,79.0,24.0,6.8,3.0,0.1519,6.8,7.0,,,,4.0,1.0,6.0,5.0,1.0,,,,,3.0,,1.0,3.0,1.0,,0.0206408,,,1.0,,,home,main,,,,
5,5,M,True,,Wallisson Luiz,,,wallisson-luiz,Wallisson Luiz,M,165,922601,BR,Brazil,EUR,874972800,19.0,14.0,3.0,2.0,,,,45.0,32.0,6.5,11.0,0.0375,6.5,6.6,,1.0,,3.0,1.0,6.0,3.0,,1.0,2.0,,,,1.0,2.0,,,,,,,1.0,,,home,substitute,,,,
8,8,M,True,,Neto Moura,,,neto-moura,N. Moura,M,252,559034,BR,Brazil,EUR,839289600,21.0,19.0,2.0,1.0,,,,20.0,21.0,6.2,2.0,0.0,6.2,6.4,,,,2.0,,5.0,,2.0,,,,,,,,,1.0,,0.0224738,,,,,,home,substitute,,,,
30,30,M,True,,Paulo Vitor,,,paulo-vitor,P. Vitor,M,97,881153,BR,Brazil,EUR,930182400,9.0,9.0,,,,,,20.0,15.0,6.8,2.0,0.0,6.8,6.8,,1.0,1.0,,,1.0,2.0,,,1.0,,,,,1.0,1.0,,1.0,0.0773495,,,,,,home,substitute,,,,
99,99,F,True,,Henrique Dourado,,,henrique-dourado,Henrique,F,426,329219,BR,Brazil,EUR,621820800,,,,,,,,11.0,2.0,6.6,1.0,0.0226,6.6,6.7,,,,,1.0,,1.0,,,,,,1.0,,,,,,,,,,,1.0,home,substitute,,,,
22,22,F,True,,Stênio,,,stenio,Stênio,F,258,1046740,BR,Brazil,EUR,1049500800,,,,,,,,11.0,3.0,6.6,1.0,0.0,6.6,6.6,,,,,,1.0,2.0,,1.0,,,,,,1.0,1.0,,,,,,,,,home,substitute,,,,
98,98,G,True,,Anderson,,,anderson,Anderson,G,84,942061,BR,Brazil,EUR,889056000,,,,,,,,,,,,0.0,,,,,,,,,,,,,,,,,,,,,,,,,,,home,substitute,,,,
24,24,D,True,,Helibelton Palacios,,,helibelton-palacios,Helibelton Palacios,D,392,329597,CO,Colombia,EUR,739584000,,,,,,,,,,,,0.0,,,,,,,,,,,,,,,,,,,,,,,,,,,home,substitute,,,,
29,29,D,True,,Reynaldo,,,reynaldo,Reynaldo,D,106,877470,BR,Brazil,EUR,852249600,,,,,,,,,,,,0.0,,,,,,,,,,,,,,,,,,,,,,,,,,,home,substitute,,,,
14,14,D,True,,Kaiki,Kaiki,,kaiki,Kaiki,D,271,1112484,BR,Brazil,EUR,1047081600,,,,,,,,,,,,0.0,,,,,,,,,,,,,,,,,,,,,,,,,,,home,substitute,,,,
15,15,M,True,,Fernando Henrique,Fernando Henrique,,fernando-henrique,F. Henrique,M,109,1067634,BR,Brazil,EUR,991353600,,,,,,,,,,,,0.0,,,,,,,,,,,,,,,,,,,,,,,,,,,home,substitute,,,,
16,16,M,True,,Lucas Silva,,,lucas-silva,L. Silva,M,432,245159,BR,Brazil,EUR,729820800,,,,,,,,,,,,0.0,,,,,,,,,,,,,,,,,,,,,,,,,,,home,substitute,,,,
80,80,F,True,,Robert,Robert,,robert,Robert,F,26,1500254,BR,Brazil,EUR,1115942400,,,,,,,,,,,,0.0,,,,,,,,,,,,,,,,,,,,,,,,,,,home,substitute,,,,
23,23,G,False,True,Tadeu,,,tadeu,Tadeu,G,330,552172,BR,Brazil,EUR,697161600,32.0,16.0,29.0,13.0,2.0,1.0,1.0,90.0,41.0,7.2,16.0,0.0,7.2,7.3,0.2591,,,,,,,,,,,,,,,,,,,,,,,,away,main,2.0,1.0,,
2,2,D,False,,Maguinho,,,maguinho,Maguinho,D,116,871209,BR,Brazil,EUR,694656000,18.0,13.0,1.0,,3.0,,,90.0,33.0,7.3,7.0,0.0,7.3,7.3,,,,2.0,2.0,4.0,4.0,,,,,,,1.0,2.0,,2.0,,0.00937271,2.0,,,,,away,main,,,,
3,3,D,False,,Lucas Halter,,,lucas-halter,L. Halter,D,171,905450,BR,Brazil,EUR,957225600,20.0,16.0,5.0,2.0,11.0,,,90.0,35.0,7.1,4.0,0.0,7.1,7.2,,,,,1.0,2.0,2.0,1.0,,,,,,1.0,1.0,,1.0,,,,,,,,away,main,,,,
4,4,D,False,,Sidimar,,,sidimar,Sidimar,D,34,312072,BR,Brazil,EUR,710640000,26.0,20.0,3.0,2.0,13.0,,,90.0,45.0,7.5,6.0,0.0,7.5,7.4,,,,1.0,5.0,3.0,7.0,,,,,,,1.0,2.0,,2.0,,,,,,,,away,main,,,,
6,6,D,False,,Sander,,,sander,Sander,D,148,795014,BR,Brazil,EUR,654912000,31.0,25.0,3.0,1.0,4.0,,,90.0,78.0,7.3,18.0,0.0258,7.3,7.4,,4.0,1.0,1.0,2.0,8.0,6.0,1.0,3.0,3.0,2.0,,1.0,3.0,1.0,1.0,2.0,1.0,0.104057,1.0,,,,,away,main,,,1.0,
12,12,M,False,,Willian Oliveira,,,willian-oliveira,Willian Oliveira,M,82,295167,BR,Brazil,EUR,737510400,22.0,15.0,6.0,5.0,9.0,,,90.0,43.0,7.1,11.0,0.0074,7.1,7.2,,,,1.0,3.0,4.0,5.0,1.0,1.0,,,,1.0,2.0,1.0,1.0,1.0,1.0,0.0117211,2.0,,,,,away,main,,,,
40,40,M,False,,Everton Morelli,,,everton-morelli,E. Morelli,M,43,928137,BR,Brazil,EUR,878601600,25.0,19.0,2.0,1.0,4.0,,,90.0,42.0,6.9,10.0,0.0096,6.9,7.0,,,,1.0,1.0,7.0,5.0,,2.0,1.0,,,,1.0,2.0,2.0,3.0,1.0,0.0191261,1.0,1.0,,,,away,main,,,,
70,70,M,False,,Anderson Oliveira,,,anderson-oliveira,Anderson Oliveira,M,70,931538,BR,Brazil,EUR,900547200,16.0,11.0,,,,,,57.0,26.0,6.3,11.0,0.0,6.3,6.5,,,,1.0,1.0,6.0,4.0,1.0,2.0,2.0,1.0,,,,2.0,,1.0,,,,,,,1.0,away,main,,,,
60,60,M,False,,Guilherme,,,guilherme,Guilherme,M,280,109610,BR,Brazil,EUR,674784000,11.0,8.0,,,,,,57.0,21.0,6.5,6.0,0.1849,6.5,6.7,,1.0,,1.0,2.0,5.0,3.0,1.0,1.0,1.0,,,2.0,,1.0,,1.0,,0.0078277,1.0,,,,,away,main,,,,
7,7,M,False,,Vinícius,,,vinicius,Vinícius,M,148,124807,BR,Brazil,EUR,744336000,19.0,11.0,3.0,1.0,4.0,,,82.0,39.0,6.0,18.0,0.025,6.0,6.3,,4.0,,2.0,1.0,9.0,3.0,3.0,1.0,2.0,,,,,,2.0,2.0,1.0,0.0235421,,,1.0,,,away,main,,,,
45,45,F,False,,João Magno,,,joao-magno,João Magno,F,53,945307,BR,Brazil,EUR,855964800,14.0,7.0,,,1.0,,,75.0,27.0,7.3,12.0,0.0668,7.3,7.3,,1.0,1.0,8.0,5.0,14.0,8.0,2.0,1.0,1.0,,,,,2.0,1.0,2.0,1.0,0.103999,,1.0,,,,away,main,,,,1.0
8,8,M,True,,Higor Meritão,,,higor-meritao,H. Meritão,M,72,973845,BR,Brazil,EUR,772329600,9.0,7.0,1.0,,1.0,,,33.0,16.0,6.7,4.0,0.0,6.7,6.6,,,,1.0,,1.0,2.0,,,,,,,,2.0,,,,0.00651426,,,,,,away,substitute,,,,
77,77,F,True,,Allano,,,allano,Allano,M,63,796925,BR,Brazil,EUR,798681600,8.0,7.0,1.0,1.0,,,,33.0,21.0,6.5,7.0,0.0,6.5,6.6,,,,1.0,,6.0,4.0,1.0,2.0,3.0,2.0,,,,1.0,1.0,1.0,,,,,,,,away,substitute,,,,
11,11,F,True,,Diego Gonçalves,,,diego-goncalves,Diego Gonçalves,M,76,344077,BR,Brazil,EUR,774835200,10.0,8.0,,,,,,15.0,15.0,6.5,6.0,0.0,6.5,6.5,,1.0,,2.0,3.0,3.0,3.0,,,1.0,,,,,,,,,0.00779159,,,,,,away,substitute,,,,
66,66,D,True,,Hugo,,,hugo,Hugo,D,49,1017827,BR,Brazil,EUR,872812800,1.0,1.0,,,,,,8.0,7.0,6.5,2.0,0.0,6.5,6.6,,,,,,3.0,1.0,,,,,,,1.0,1.0,,3.0,,,,,,,1.0,away,substitute,,,,
88,88,G,True,,Marcelo Rangel,,,marcelo-rangel,M. Rangel,G,39,870902,BR,Brazil,EUR,579830400,,,,,,,,,,,,0.0,,,,,,,,,,,,,,,,,,,,,,,,,,,away,substitute,,,,
13,13,D,True,,Bruno Santos,,,bruno-santos,B. Santos,D,40,592568,BR,Brazil,EUR,729043200,,,,,,,,,,,,0.0,,,,,,,,,,,,,,,,,,,,,,,,,,,away,substitute,,,,
43,43,D,True,,Edu,,,edu,Edu,D,35,989715,BR,Brazil,EUR,961113600,,,,,,,,,,,,0.0,,,,,,,,,,,,,,,,,,,,,,,,,,,away,substitute,,,,
22,22,F,True,,Apodi,,,apodi,Apodi,D,137,33119,BR,Brazil,EUR,534816000,,,,,,,,,,,,0.0,,,,,,,,,,,,,,,,,,,,,,,,,,,away,substitute,,,,
95,95,M,True,,Dodô,,,dodo,Dodô,M,24,1018871,BR,Brazil,EUR,992563200,,,,,,,,,,,,0.0,,,,,,,,,,,,,,,,,,,,,,,,,,,away,substitute,,,,
27,27,F,True,,Alesson,,,alesson,Alesson,M,62,871015,BR,Brazil,EUR,919123200,,,,,,,,,,,,0.0,,,,,,,,,,,,,,,,,,,,,,,,,,,away,substitute,,,,
55,55,M,True,,Luís Oyama,,,luis-oyama,Luís Oyama,M,181,922570,BR,Brazil,EUR,854582400,,,,,,,,,,,,0.0,,,,,,,,,,,,,,,,,,,,,,,,,,,away,substitute,,,,
17,17,F,True,,Matheus Peixoto,,,matheus-peixoto,Matheus Peixoto,F,319,880169,BR,Brazil,EUR,816480000,,,,,,,,,,,,0.0,,,,,,,,,,,,,,,,,,,,,,,,,,,away,substitute,,,,
